product_id,product_name,price,seller_id
411976901367,必联S2-se移动随身wifi户外便携无线路由器车载4g网络笔记本上网,84.0,809720171
275172700854,新国标电动车E80E100/E125/E200脚踏脚踢贴纸防水贴膜装饰改装,21.27,391977353
251343418656,新国标电动车自行车挂包防水置物电摩电动车通用适用挂包前置,23.75,391977353
251005034559,新国标电动车配件A系列座垫套A30c/a40c隔热坐垫套电瓶车防晒垫,8.61,391977353
251005109937,电动车座垫套通用BA30c406080电瓶车隔热坐垫套防水配件,7.9,391977353
251005379293,适九9号电动车N70C/E100/E125/N80透气坐垫座垫舒适防晒网格座套,14.8,391977353
251343231273,小米电瓶车c/b/e系列后轮保护条挡泥板改装电摩配件小牛通用,8.55,391977353
265404537962,新国标电动车新C40lite/c65lite/c90坐垫套座椅套防晒隔热改装,8.0,391977353
426808738043,【工厂店】凡士林身体乳护手霜防冻防干裂补水滋润保湿润肤霜男女,21.0,427533589
356708300005,松紧带双层宽扁高弹力耐用床笠橡皮筋裤腰婴儿袖口收紧捆绑绳批发,21.0,888339201
359351473348,48色油性彩铅彩色铅笔儿童学生绘画笔24色36色美术素描画画笔套装,21.88,888339201
409652438197,双层加厚松紧带宽扁高弹家用袖口裤腰裤子弹力带裤头橡皮筋收缩带,23.8,888339201
331688069571,加厚衣服被子搬家打包袋外出手提收纳袋防潮防水大容量行李旅行袋,9.9,888339201
392141926838,松紧带双层宽扁高弹力耐用床笠橡皮筋裤腰婴儿袖口收紧捆绑绳批发,23.9,888339201
366966773227,双层松紧带宽扁高弹力耐用床笠橡皮筋裤腰婴儿袖口收紧捆绑绳批发,21.0,888339201
340560359188,超大搬家收纳编织袋棉被打包袋特大容量无纺帆布行李袋加厚被子袋,6.99,888339201
332848028192,【6元抢100000件，抢完恢复8.55元】双层宽扁松紧带高弹力耐用进口橡皮筋裤腰婴儿袖口收紧捆绑绳批发,6.0,888339201
357520345911,高弹力松紧带双层宽扁耐用床笠橡皮筋裤腰婴儿袖口收紧捆绑绳辅料,21.35,888339201
341004174401,【21元抢100000件，抢完恢复25元】松紧带宽扁高弹加厚家用袖口裤腰裤子裙子弹力带裤头橡皮筋收缩带,21.0,888339201
76859029184,垂感弹力高腰喇叭裤女春秋韩版黑色裤子女高个子加长版女裤工作裤,68.0,1093712
920858747,秋冬季弹力微喇叭裤女垂感高腰阔腿西装加绒直筒长裤黑色休闲裤子,49.0,1093712
285983110740,秋冬季直筒裤女垂感高腰显瘦阔腿弹力黑色加绒西装长裤工装休闲裤,59.0,1093712
97075560767,秋冬季微喇叭裤子女垂感西装高腰直筒裤宽松加绒阔腿裤黑色休闲裤,59.0,1093712
2848799491,西装裤女高腰弹力黑色显瘦微喇叭裤阔腿直筒秋季加绒职业工装长裤,59.0,1093712
159987167644,微喇叭裤子女秋冬季高腰弹力职业直筒休闲裤垂感阔腿加绒西装长裤,49.0,1093712
8675119179,夏季薄款冰丝棉麻休闲九分裤女宽松七分萝卜裤哈伦裤潮大码小脚裤,30.8,1093712
1552077498,黑色弹力微喇叭裤女矮个子秋冬季加绒阔腿女九分裤蕾丝开叉休闲裤,49.0,1093712
154520293748,直筒裤女秋冬款高腰弹力垂感休闲长裤加绒显瘦黑色九分裤西装长裤,49.0,1093712
2002451453,春秋新款微喇裤子女学生韩版黑色显高显瘦女休闲运动裤九分微喇叭,49.0,1093712
159978916769,秋冬季弹力微喇叭裤女职业工作高腰阔腿西装加绒直筒休闲黑色长裤,59.0,1093712
79072256463,秋冬季西装裤女士高腰显瘦直筒长裤子加绒阔腿裤黑色休闲微喇叭裤,58.0,1093712
97102589262,坠感微喇叭裤女裤春秋2020新款高腰显瘦宽松直筒西裤女黑色长裤子,48.99,1093712
75018990981,黑色高腰秋冬季微喇叭九分裤女加绒西装小个子宽松显瘦阔腿休闲裤,48.0,1093712
141747039842,1-2条装/七分裤子女夏季冰丝休闲韩版宽松哈伦7分萝卜小脚裤子女,30.5,1093712
374792276588,洗衣机过滤网通用型洗衣去毛神器吸毛滤毛网兜滚筒式洗衣机粘毛器,5.8,52888
329465426830,脸盆架卫生间置物架自粘壁挂墙毛巾不锈钢挂钩免打孔洗脸盆收纳架,5.8,52888
420568827730,发圈头绳收纳架收纳神器宿舍发箍头绳挂钩首饰架学生发卡发饰头箍,5.88,52888
346710651822,收纳架神器壁挂发带头绳首饰发箍发圈展示架壁挂式墙面免打孔挂钩,5.88,52888
388435990281,吸油棉条通用型抽油烟机油槽吸油纸吸油烟机加厚隔离油污垫纸油膜【12月15日发完】,5.82,52888
354534544215,饮料瓶喷头可乐雪碧通用园艺浇花家用喷雾器配件小型洒水喷嘴喷壶,5.88,52888
325044646288,挂钩无痕免打孔墙上墙面强力自粘厨房无死角多功能收纳高粘度粘钩,5.86,52888
347071993995,置物架免打孔萝卜收纳盒收纳壁挂浴室墙上置物架筷子篓沥水筷子筒,5.88,52888
354169740267,油刷带瓶耐高温家用厨房烙饼刷刷蜂蜜油刷子瓶调料瓶烧烤刷油神器,5.88,52888
325548425189,拖把架免打孔拖把夹拖把挂钩卫生间挂架神器强力壁挂收纳承重厨房,10.88,52888
367783331055,木浆海绵洗碗擦家用吸水不沾油厨房洗碗海绵擦刷锅神器洗盘碗抹布,5.88,52888
347130575186,挂钩免打孔无痕墙上墙面强力自粘厨房无死角收纳多功能高粘度粘钩,5.88,52888
323178646207,电线收纳器固线器收纳整理电线挂钩桌面墙面万能自粘强力胶理线器,5.88,52888
365729315452,脸盆收纳架挂钩卫生间浴室放盆神器壁挂免打孔多功能置物架脸盆架,10.88,52888
420339880883,怪兽饭勺家用电饭煲盛饭勺子不粘米饭铲可立式塑料打饭勺子耐高温,5.8,52888
321205019127,打印资料复印彩色a4黑白彩印图文快印A3印刷书本装订成册网上包邮,0.5,863282094
329375909941,网红蟹黄锅巴蟹香咸蛋黄锅巴糯米锅巴整箱散装小包装手工休闲零食,4.18,744628979
330692587165,双面蟹黄锅巴蛋黄锅巴糯米独立包装整箱散装手工特产办公休闲零食,5.8,744628979
175069700153,蚕蛋白自发热德绒秋冬保暖内衣女士秋衣秋裤套装女加绒加厚保暖衣,11.9,826953489
174347342833,自发热蚕蛋白无痕德绒秋冬季男士保暖内衣男套装加绒加厚秋衣秋裤,10.9,826953489
416326234713,本命年大红色自发热德绒波浪领秋冬款保暖内衣女士秋衣秋裤套装女,13.9,826953489
417740824694,自发热蚕蛋白双面德绒无痕秋冬季保暖背心内衣男士秋衣男加绒加厚,13.68,826953489
417079113873,自发热蚕丝德绒无痕秋冬季保暖背心内衣女士秋衣女加绒加厚打底衫,12.09,826953489
154021419207,100%纯棉 夏季男士背心男青年紧身弹力打底修身吊带汗衫男装运动,9.9,826953489
280368559125,蚕丝自发热德绒保暖内衣女士秋衣秋裤套装男女加绒加厚男士秋冬季,17.9,826953489
281967155678,小孩儿童蚕丝德绒无痕冬季保暖内衣套装男童女童秋衣秋裤宝宝加绒,16.9,826953489
416314432944,自发热蚕丝德绒波浪领秋冬款保暖内衣女士秋衣秋裤套装女保暖衣,13.9,826953489
203724082825,自发热玻尿酸德绒无痕保暖内衣女士秋衣秋裤套装女加绒加厚打底衫,25.9,826953489
281401931161,自发热双面德绒保暖内衣男士女士秋衣秋裤套装男女加绒加厚秋冬季,18.9,826953489
241690786708,【超薄冰丝凉感】夏季男士家居服T恤短袖五分短裤睡衣睡裤套装男,13.41,826953489
333329777426,新疆长绒棉100%纯棉夏季男士背心男青年紧身弹力打底修身男装运动,7.9,826953489
241708263563,【超薄冰丝凉感】夏季女士家居服T恤短袖五分短裤睡衣睡裤套装女,15.9,826953489
335690979487,速干透气新款男士短袖T恤套装男休闲运动服短裤家居服睡衣睡裤男,12.99,826953489
286849036714,吊柜墙壁柜厨房客厅挂柜卧室墙上储物柜卫生间收纳柜阳台浴室墙柜,54.0,897067152
306233259768,实木厨房吊柜墙壁柜墙上储物柜壁挂式卫生间阳台柜子铝合金玻璃柜,168.2,897067152
395977052499,厨房吊柜墙壁柜挂墙式厨柜调料柜挂柜玻璃橱柜收纳柜置物架子家用,121.0,897067152
372614323605,实木厨房吊柜壁柜墙上储物柜多功能家用组合柜卫生间挂壁式收纳柜,216.21,897067152
286607777529,晶钢门厨房吊柜墙壁柜挂墙式置物柜子阳台卧室卫生间壁橱储物柜,86.0,897067152
286586696128,晶钢门厨房吊柜壁柜挂墙式置物柜子家用收纳储物柜阳台卫生间橱柜,86.0,897067152
389277215715,吊柜墙壁柜厨房卧室卫生间收纳置物柜壁挂墙式储物柜阳台顶柜定制,120.0,897067152
302094755142,厨房吊柜墙壁柜壁挂式卧室墙上储物柜铝合金玻璃门阳台卫生间墙柜,174.14,897067152
389017972047,厨房吊柜墙壁柜挂墙式置物柜子阳台卧室顶柜壁橱墙上收纳柜储物柜,118.8,897067152
389066878833,餐厅吊柜墙壁柜厨房墙上储物柜壁挂式收纳柜壁橱阳台卫生间置物架,160.0,897067152
287341262855,厨房吊柜壁柜橱柜墙上挂柜置物柜子卧室顶柜阳台卫生间挂式储物柜,150.0,897067152
298846635695,实木厨房吊柜墙壁挂柜挂墙式置物柜卧室卫生间收纳柜阳台储物柜子,174.99,897067152
286598026291,玻璃门厨房吊柜壁柜墙上储物柜壁挂式卧室阳台浴室厨房橱柜吊柜,169.99,897067152
375322607254,北欧ins风皮革西餐垫防水防烫防油污隔热垫加厚轻奢餐盘垫餐桌垫,15.8,345098022
296816640514,皮革餐垫轻奢高级杯垫防水防油免洗餐桌隔热垫现代简约圆形ins风,13.8,345098022
419875407890,贵夫人高档复古V领长袖连衣裙女2022秋冬新款名媛时尚遮肉a字裙子,218.0,218441
420357606364,复古貂绒加厚妈妈连衣裙女2022秋冬新款高端长袖遮肚中长款打底裙,188.0,218441
419464124105,高端罗马棉提花连衣裙女2022秋冬这款气质显瘦遮肉中长款长袖裙子,178.0,218441
428194788512,2022秋冬新款女红色网纱长款配大衣毛衣裙子内搭打底针织连衣裙子,188.0,218441
415306268491,中年洋气妈妈印花连衣裙女2022秋季新款名媛气质高级感收腰中长裙,178.0,218441
378629549104,高贵中年妈妈气质连衣裙子2022新款中年女士夏装短袖刺绣显瘦裙子,178.0,218441
232503599793,天丝棉减龄两件套裤女夏季2022年新款时尚休闲宽松小衫阔腿裤套装,138.0,218441
420446192439,秋冬连衣裙针织刺绣2022新款气质高端女神范收腰过膝中长款a字裙,188.0,218441
404329637591,高端气质遮肚子收腰显瘦连衣裙女2022秋季新款小个子碎花洋气裙子,148.0,218441
430363822854,高端雪尼尔绒2022加厚木耳边配大衣连衣裙气质优雅遮肚洋气中长裙,208.0,218441
270162661563,小西服网纱印花连衣裙两件套女秋装2021新款高档洋气薄款套装裙子,218.0,218441
244718989518,纯色洋气连衣裙女夏装2021年新款高端气质修身减龄女人味显瘦裙子,168.0,218441
246525707783,气质休闲两件套女2022夏季新款洋气减龄天丝棉显瘦时尚阔腿裤套装,138.0,218441
418994716237,高端阔太太长款连衣裙2022秋冬新款女时尚修身遮肚名媛减龄打底裙,215.0,218441
420039688988,秋冬貂绒拼接连衣裙长袖中长款女2022新款韩版名媛遮肉妈妈打底裙,188.0,218441
323024244439,啄木鸟棉袄外套羽绒棉服女短款2022年冬装新款妈妈装短款加厚棉衣,158.0,884830413
425436646019,啄木鸟高档立领羽绒棉马甲女秋冬装新款亮面棉服韩版宽松马夹外套,98.0,884830413
326158459327,啄木鸟2022春秋新款海宁绵羊皮PU皮皮衣中长款风衣夹克皮外套女,105.0,884830413
405545244702,啄木鸟皮毛一体外套女2022秋冬季新款加绒加厚宽松机车皮衣夹克潮,108.0,884830413
359563362905,啄木鸟冰丝polo衫女休闲套装短袖长裤夏季翻领时尚妈妈显瘦两件套,58.0,884830413
329909605899,啄木鸟卫衣女士2022年春秋新款百搭宽松长袖休闲圆领上衣运动服女,68.0,884830413
287198798748,啄木鸟高档加绒加厚抓绒衣摇粒绒外套女士上衣户外冲锋衣内胆保暖,73.0,884830413
248605538963,啄木鸟短袖纯棉运动休闲套装女夏天2022新款时尚宽松跑步服两件套,88.0,884830413
297490887214,啄木鸟短款羽绒服2022新款春秋立领羽绒服马甲女白鸭绒连帽外套,138.0,884830413
251373698501,啄木鸟纯棉运动套装女2022夏新款短袖短裤健身跑步晨跑休闲两件套,88.0,884830413
247843746713,啄木鸟休闲运动服套装女装2022新款宽松减龄短袖七分裤纯棉两件套,78.0,884830413
298610795265,啄木鸟高档绵皮外套新款女秋冬羊羔毛小个子皮毛一体皮衣加绒加厚,88.0,884830413
297491796143,啄木鸟羽绒服短外套女2022秋冬新款红色羽绒马甲女白鸭绒简约上衣,143.0,884830413
268347700973,啄木鸟纯棉运动服套装女长袖2022秋装新款减龄卫衣休闲跑步两件套,108.0,884830413
279351248569,啄木鸟雪纺衬衫女长袖2021秋季新款洋气衬衣百搭显瘦打底衫女加绒,69.0,181898728
343897538343,啄木鸟白色雪纺长袖衬衫女上衣超仙宽松荷叶边蕾丝衫时尚刺绣衬衣,79.0,181898728
422658899741,【5人团】云南哀牢山新鲜纯甜冰糖橙优选大果净重5.2斤单果65mm起,14.5,238290346
426262513532,【褚甜橙】云南哀牢山纯甜冰糖橙新鲜优选大果净重5/9斤单果60起,,238290346
222581635000,皮凉鞋男款真皮夏季透气男士商务凉鞋镂空正装皮鞋尖头男鞋洞洞鞋,148.0,246438008
52056363325,男士增高商务正装高帮皮鞋男真皮尖头高跟棉皮靴冬季加绒保暖短靴,158.0,246438008
50852323844,高跟高帮皮鞋男拉链尖头棉皮靴男冬季加绒保暖短靴真皮增高鞋男靴,158.0,246438008
40298732209,外增高男士皮鞋白色商务休闲正装办公室鞋子真皮潮流婚鞋高跟男鞋,158.0,246438008
355556928216,包头拖鞋男真皮商务休闲皮鞋男无后跟正装半拖皮凉鞋英伦潮流凉拖,143.0,246438008
307822130612,免打孔晾衣架太空铝伸缩折叠晾衣杆阳台卫生间壁挂式伸缩隐形衣架,35.9,873846596
241493160889,负重背心可调节重量沙衣透气隐形负重设备衣男女跑步沙袋马甲背心,29.0,880681877
404415438008,舞蹈垫子儿童练功垫折叠海绵仰卧起坐垫子中考学生体育训练体操垫,17.0,880681877
123302722747,原装骊威专用挡泥板2007-16/17/18/19款新老日产骊威汽车挡泥皮瓦,4.5,237641533
115747565009,【4.4元抢43110件，抢完恢复5.5元】原装长安逸动专用挡泥板2012-16/18/19/20款逸动DTXT汽车挡泥皮瓦,4.4,237641533
139097973432,【3.91元抢2000件，抢完恢复5.5元】五菱宏光专用挡泥板汽车前后轮挡泥皮原装新老款宏光S护泥瓦装饰,3.91,237641533
138529637564,【3.75元抢2000件，抢完恢复5元】日产骊威专用挡泥板汽车前后轮挡泥皮原装尼桑骊威护泥瓦改装配件,3.75,237641533
119104589008,原装海马M3挡泥板专用2018/17/16/15-13款海马m3汽车前后轮挡泥皮,4.68,237641533
126888365815,【5.85元抢200件，抢完恢复6.5元】幻速S3专用挡泥板汽车前后轮护泥瓦原装北汽幻速s3挡泥皮改装配件,5.85,237641533
118924270240,原装哈弗H2专用挡泥板2014-17/18款哈佛H2S汽车挡泥皮前后护泥瓦,5.66,237641533
141061375958,【3.75元抢2000件，抢完恢复5元】雪佛兰科鲁兹专用挡泥板汽车前后轮挡泥皮原装新老款科鲁兹护泥瓦,3.75,237641533
115575013165,【6.24元抢3432件，抢完恢复7.8元】北汽威旺M20原装挡泥板2017/18款威旺m20专用挡泥皮前后轮护泥瓦,6.24,237641533
119640051076,原装江淮瑞风M3挡泥板专用2015/16/17/18款m3挡泥皮前后轮护泥瓦,6.12,237641533
124871485743,【4.5元抢1999件，抢完恢复5元】原装雪铁龙世嘉专用挡泥板2006-16款C4三厢/两厢前后轮胎护泥板瓦,4.5,237641533
138532901326,【4.29元抢200件，抢完恢复6.5元】日产奇骏专用挡泥板汽车前后轮挡泥皮原装尼桑奇骏护泥瓦改装配件,4.29,237641533
118917401862,原装哈佛F7专用挡泥板原厂配件长城哈弗f7x汽车前后轮挡泥皮改装,5.52,237641533
128550391074,【4.64元抢200件，抢完恢复5.8元】大众途观L专用挡泥板汽车前后轮护泥瓦原装大众途观挡泥皮装饰件,4.64,237641533
115596833878,【4.56元抢2000件，抢完恢复6元】北汽威旺M30原装挡泥板2015/17款威旺m30挡泥板专用汽车前后轮瓦,4.56,237641533
19981667099,炒酸奶机家用小型儿童雪糕冰淇淋机可卷迷你免插电网红抖音炒冰机,12.9,278657
165465538514,家用炒酸奶机小型儿童冰淇淋炒冰机迷你免插电冰激凌网红炒冰盘,14.3,278657
735365767,便携式榨汁机家用小型全自动果蔬机多功能学生果汁机女神杯果汁杯,79.0,278657
148978760651,不干胶贴纸定做印刷小广告贴纸标签贴纸定制合格证透明PVC商标贴,2.0,417956210
178568623808,外卖快餐盒贴纸定制logo不干胶标签打包封口贴设计广告定做二维码,5.0,417956210
223516992275,不干胶贴纸定做印刷小广告贴纸标签贴纸定制合格证透明PVC商标贴,5.0,417956210
200179389918,蜂蜜广告贴纸定做标签定制天然商标设计洋槐蜜鸭脚木瓶贴加二维码,5.0,417956210
158191333468,【购买前须联系客服确认】补收差价专用商品,1.0,417956210
181926556471,宣传单印制免费设计制作广告宣传册印刷双面彩页定制单页三折页,2.0,417956210
200185809317,不干胶广告贴纸定做贷款信贷宽带开锁海报墙贴户外粘贴纸防水标签,5.0,417956210
172321233885,临时停车牌定制棋牌游戏广告挪车电话号码牌做移车卡停车卡插车卡,5.0,417956210
218479851367,适用惠普HP1505硒鼓m1522nf粉盒P1505墨盒M1120mfp 36A CB436A,27.52,644018603
164130611722,【顺丰】适用惠普m1136硒鼓p1108 HP1106 M126a/nw cc388a M128fn,26.9,644018603
164161522826,【顺丰】适用惠普m1005硒鼓HP1020墨盒laserjet m1005晒鼓 Q2612A,26.9,644018603
180920265749,适用惠普178nw粉盒118a HP179fnw硒鼓150a 150nw HP Color Laser,32.57,644018603
201455367258,适用惠普136w硒鼓HP110A 108w mfp 136a/nw/wm 138pn墨粉盒w1110a,34.9,644018603
166646878819,适用三星SCX4521F硒鼓4321ns/hs ML1610 4725 2010 4821 4621墨盒,36.9,644018603
161001461050,适用兄弟dcp1618w硒鼓tn1035粉盒1608 1518 1208 1118 MFC1919NW,29.8,644018603
196831238126,适用三星SCX3201硒鼓ML1666 D1043S 1676 3200粉盒1861 1865墨盒,35.9,644018603
253534110087,适用佳能lbp2900硒鼓L11121E MF4010b mf4012b 墨盒 Canon CRG303,26.9,644018603
253536891017,适用联想M7400墨粉盒7400Pro硒鼓 联想M7400W碳粉盒LT2451 LT2441,26.8,644018603
206002474368,适用惠普m154a硒鼓m180n HP204a M181fw墨盒CF510a粉盒M154nw彩色,44.45,644018603
253468947022,适用惠普HP Laserjet P1108硒鼓墨盒HP P1106易加粉碳粉盒晒鼓,26.63,644018603
161010817904,适用联想M7206W硒鼓 M7216NWA墨粉盒LJ2206W 2205 7255 LT201粉盒,29.8,644018603
167409793551,适用兄弟DCP7080d硒鼓HL2260 7180 7480D MFC7380 7880墨盒TN2325,27.52,644018603
248781821875,适用兄弟DCP7080D打印机粉盒DCP7080硒鼓易加粉墨盒7080鼓架晒鼓,29.8,644018603
412393951155,日系可爱毛球纯色珊瑚绒渔夫帽子女秋冬季加绒加厚保暖显脸小盆帽,24.9,895505347
264134018566,西部牛仔帽女抽绳渔夫帽男夏季度假大檐防晒太阳帽户外钓鱼登山帽,12.9,895505347
180644795246,公牛开关插座86型五孔暗装插座面板多功能多孔墙壁电源插座G12灰,7.5,873543924
172705271455,公牛开关插座家用多功能多孔开关面板墙上16a电源USB插座G31灰色,4.6,873543924
360927525442,公牛led灯带灯条客厅吊顶长条线灯照明220v贴片柔性防频闪灯带,9.9,873543924
179894317812,公牛118型开关插座面板电脑电视usb一开五孔多孔电源墙壁G04灰色,16.1,873543924
188298603976,公牛118型开关插座面板六孔9九孔12孔十二孔20孔面板多孔G04金色,13.5,873543924
179856104643,公牛插座防水保护盒全封闭护罩卫生间开关防水罩保护罩浴室防水盒,14.2,873543924
188298188490,公牛开关插座118型三四位六九十二孔组合面板多功能电脑模块G04白,4.69,873543924
393076346135,公牛纯铜地插座多功能多孔防水全封闭2022全新款平推式地面插座,89.89,873543924
173551705430,公牛空调插座专用三孔16a大功率三眼家用热水器明线明装插座面板,8.1,873543924
172690131086,公牛开关插座家用多功能多孔开关面板墙上16a电源USB插座G31白色,4.6,873543924
179894524222,公牛118型开关插座面板家用五孔插座6六孔9九孔12孔十二孔20多孔,18.7,873543924
180679795755,公牛开关插座家用空调16A面板五孔86型USB面板暗装多孔插座G07黑,8.8,873543924
172689537794,公牛开关插座面板家用空调16A面板五孔86型USB面板暗装多孔G07金,8.5,873543924
173551329850,公牛明装开关1开一开单控家用墙壁电源单开单联开关面板灯开关G09,6.8,873543924
172983796635,公牛开关插座面板家用空调16A面板五孔86型USB面板暗装多孔G12白,7.5,873543924
338968823897,定做50D高密度海绵沙发垫加厚加硬红木飘窗垫床垫实木沙发垫坐垫,0.47,746881542
27790781361,十万个为什么大全集完整正版36到12岁少儿百科全书注音科普课外书,24.8,375065979
127520924226,父与子全集注音版二年级漫画书完整正版作文故事小学生必读课外书,23.3,375065979
148606195433,父与子全集正版漫画书全套故事注音完整版一二三四年级小学生儿童,23.3,375065979
27790614598,唐诗宋词三百首全集完整正版注音古诗词小学生鉴赏析1-6年级书籍,13.8,375065979
27788141980,列那狐的故事正版完整版二三四五六年级狐狸传奇课外必读书注音版,28.8,375065979
243419773584,十万个为什么大全集完整注音版6到12岁百科脑筋急转弯成语故事书,24.8,375065979
231561237116,爸妈不是我的佣人励志小学生注音版一二年级课外阅读我为自己读书,23.8,375065979
27787104316,昆虫记法布尔原著完整全集注音正版二三四年级下册小学生必阅读书,24.8,375065979
27787697023,唐诗三百首全集正版幼儿园早教有声点读小学生带注拼音注释3-68岁,23.3,375065979
207788803752,儿歌三百首注音版大全早教幼学读读童谣300篇023-6岁口才书一年级,25.6,375065979
242780722948,凑十法破借十法练习册全套数学前大班一年级幼小衔接一日一练加减,22.6,375065979
228473590744,四大名著原著正版初高中青少年全套西游记红楼梦三国演义水浒传书,23.8,375065979
232317848859,正版电脑办公软件从入门到精通excel word ppt表格制作教程技巧书,29.8,375065979
27791722879,父与子全集正版漫画书注音完整版全套小学生二三年级必读书7-10岁,23.3,375065979
8003425189,识字大王全书幼儿园早教启蒙儿童看图认字3到6岁学前小中大班卡片,5.9,375065979
41780259306,2023年挂历兔年福字手撕挂历吊牌家用挂墙装饰可定制定做浮雕设计,1.68,713972229
239035789581,超软头双头荧光笔标记重点高颜值淡色系莫兰迪色学生套装记号笔,2.28,713972229
242300895068,笔袋女生大容量双层铅笔盒男女生简约小学初中高中可爱网红文具盒,4.5,713972229
237950612527,笔袋女生大容量ins高颜值学生铅笔盒韩版简约文具盒可爱文具袋,2.72,713972229
338364929681,笔袋大容量双层铅笔盒男女生韩版简约小学初中高中可爱网红文具盒,2.72,713972229
115829751365,多功能防飞沫挡板学生课桌餐桌垫板防护板隔离挡板分隔柜台隔离板,3.8,713972229
124098783434,简易床头柜实木特价经济型网红迷你小柜子卧室床边小桌子宿舍家用,199.0,875312792
168004374939,现代简约床头柜实木特价经济型迷你小床头桌卧室小户型置物架学生,228.0,875312792
194506726985,现代中式胡桃木简易床头柜卧室小户型床头桌储物柜出租房家用整装,284.9,875312792
123479864313,现代简约床头柜实木特价经济型迷你小床头桌卧室小户型置物架学生,128.48,875312792
127237160621,现代简约床头柜实木特价经济型迷你小床头桌卧室小户型置物架学生,188.0,875312792
416354423652,正泰开关插座官方旗舰家用面板86型一开带五孔usb开关大全6C灰色,4.64,151401112
416587573526,正泰开关插座面板86型带usb一开5五孔家用6M暗装16a空调墙壁灰色,3.85,151401112
418268781590,【3.11元抢99997件，抢完恢复3.88元】正泰NXB断路器DZ47升级款空气开关漏电保护器家用漏保总闸门开关,3.11,151401112
420146288796,【4.64元抢99997件，抢完恢复7.72元】正泰开关插座官方旗舰店面板双控多孔86型带五孔墙壁暗装家用6C灰,4.64,151401112
418252889036,【7.43元抢100000件，抢完恢复9.9元】正泰空气开关NBE7小型断路器20A总空开家用1P短路保护2P空调3电闸,7.43,151401112
418974120205,正泰漏电保护开关家用3P空气开关2P空开带三相电漏保32A断路器63A,22.7,151401112
418258705384,【11.78元抢99998件，抢完恢复38元】正泰官方1P2P空气开关泰极空开不带漏电保护器NB6家用小型断路器,11.78,151401112
416594730941,【3.19元抢99955件，抢完恢复4.9元】正泰开关插座面板86型家用空调16A一开五孔带三USB墙壁暗装6M白色,3.19,151401112
420825129076,正泰开关插座官方旗舰店家用暗装一开五孔10A插座单双控面板86型,3.46,151401112
418988094235,【29.93元抢100000件，抢完恢复39.9元】正泰空气开关NBE7家用2P漏保断路器63A总空开空调电闸带漏电保护,29.93,151401112
363089600077,【特价】脆枣无核嘎嘣脆整箱香酥脆红枣独立包装灰枣零食特产批发,22.88,928921708
8138972212,烟酰胺护手霜大瓶擦抹手油女士防干裂防裂春夏手双霜学生补水保湿,14.8,206901589
4970917684,擦抹脸油面油素颜霜女懒人霜单品学生专用少女美颜遮瑕裸妆单瓶装,19.0,206901589
6283034587,少女高中学生面膜贴免洗补水保湿适合 10 12 14 16 17 19 20 22岁,18.8,206901589
8323129514,可以擦脸护手霜孕妇滋润保湿补水防干裂干燥防裂防冻修复摸抹手油,14.8,206901589
8139767277,玫瑰精油香皂洗澡肥皂香味持久留香女洗脸清香型香水全身男士沐浴,9.8,206901589
8135572892,妈妈面油女士美白淡斑抗皱中老年护肤化妆品补水保湿霜摸擦抹脸油,19.8,206901589
6283569957,青少年初中高中学生男孩用祛痘去黑头洁面乳男士洗面奶祛粉刺螨虫,14.8,206901589
21877880109,脱毛膏去腿毛神器永久学生安全脱腋毛全身汗毛大腿脚退毛膏男女士,14.8,206901589
6283099386,正品芦荟胶霜祛痘印淡化膏学生去痘痘痘疤修复凹洞青春痘坑女卢荟,9.9,206901589
22011462722,芦苇卢荟芦荟胶膏正品补水淡化祛痘印女士妈妈库拉索补水修护面膜,9.9,206901589
8213069998,女孩学生儿童面膜少女卡通可爱宝宝控油小孩子补水保湿男孩初中生,25.0,206901589
8141818774,3瓶 孕妇去狐臭腋臭专用哺乳期儿童可用腋臭滚珠香体止汗露液腋下,19.9,206901589
8349972921,烧电焊工护肤品摸脸油防烤脸部疼干燥掉皮脱皮修复皮肤的护脸油霜,19.9,206901589
8139784338,薰衣草香型去油祛痘沐浴香皂洗澡肥皂持久留香味全身体清洁男女士,8.8,206901589
6283613953,夏季清爽男士搽脸油面霜洗脸一套装洗面奶和爽肤水补水保湿护肤品,29.0,206901589
426486236575,方便代餐免煮冲泡早餐粥礼袋装速食多口味杂粮餐美味宵夜网红零食,16.72,617451466
244736087672,粥速食营养早餐冲泡免煮多口味皮蛋瘦肉粥黑米粥上班族代餐夜宵,10.88,617451466
357891390608,冲泡速食粥开水冲泡早餐大袋装多口味宵夜抗饿方便速食早餐免煮,16.93,617451466
202203401199,50号扭蛋球二元扭蛋弹力球投币奇趣蛋扭扭蛋儿童玩具积木拼装公仔,8.8,967810098
397349260183,正品吉利凡不锈钢双面刀片手动刮胡刀片老式剃须刀片男刮脸刀包邮,10.36,692615382
8675929371,超亮LED灯泡玉米灯节能灯家用客厅灯卧室灯白光暖光三色变光灯泡,1.29,474146545
48534791058,LED节能灯泡 超亮无频闪室内照明光源E27E14螺口家用蜡烛灯泡,1.28,474146545
272153485912,【1.15元抢9954件，抢完恢复2.3元】大降价超亮LED灯泡玉米灯节能灯家用客厅灯卧室灯水晶灯白光暖光,1.15,474146545
42304920916,西域 骆驼男鞋冬季男士加绒保暖棉鞋男运动户外中高帮皮鞋男防滑,148.0,104184
347297476117,【真皮】西域 骆驼2022年新款夏季凉鞋男真皮潮流外穿运动沙滩鞋,98.0,104184
68588637823,西域 骆驼男鞋皮鞋牛皮男士户外运动休闲鞋子男徒步鞋爸爸鞋大码,135.0,104184
347189344378,【真皮】西域 骆驼凉鞋男夏包头休闲透气大码软底镂空防滑网面鞋,87.99,104184
338916900519,【真皮】西域 骆驼凉鞋男时尚夏季透气2022新款耐磨包头沙滩鞋男,97.99,104184
6869377317,头层牛皮夏季室外脚汗凉鞋男透气户外休闲包头沙滩鞋子男防滑软底,152.99,104184
286333551816,西域 骆驼男鞋真皮户外休闲加绒加厚高帮保暖秋冬东北雪地靴防水,188.0,104184
104808650705,西域 骆驼男鞋真皮运动夏季涉水网面软底软面透气休闲登山鞋防滑,118.0,104184
6190439310,西域 骆驼男鞋夏凉鞋男头层牛皮鞋子男士休闲包头沙滩鞋透爸爸鞋,117.99,104184
3018120040,冬季鞋子男鞋真皮高帮加绒保暖棉鞋男士防滑户外休闲防水雪地靴,114.99,104184
347309651544,【真皮】西域 骆驼男鞋夏季包头凉鞋男魔术贴室外潮流包头沙滩鞋,98.0,104184
8518987813,西域 骆驼男鞋真皮夏季轻便软底男士户外休闲鞋透气网鞋男徒步鞋,118.0,104184
121239217248,广场舞鞋绣花鞋内增高女鞋透气妈妈鞋老北京布鞋2022年新款民族鞋,39.6,344773994
293288507483,2022冬季新款加绒加厚真皮坡底羊毛冬季女鞋橡胶防滑耐磨软底女靴,98.8,344773994
282248474600,冬季老北京布鞋女棉鞋中老年加绒保暖妈妈鞋牛筋软底防滑老人棉鞋,98.8,344773994
289010176100,真软皮粗跟妈妈鞋秋冬新款防滑耐磨真皮压花橡胶软底加绒网红棉靴,83.98,344773994
145260392417,老北京布鞋妈妈鞋女鞋正宗中老年时尚款老人绣花女软底帆布鞋子秋,44.79,344773994
221192209984,广场舞鞋绣花鞋平底女鞋透气妈妈鞋老北京布鞋秋季最新款布汉服鞋,39.32,344773994
341898436854,广场舞鞋绣花鞋内增高女鞋透气妈妈鞋老北京布鞋夏季新款汉服高跟,68.56,344773994
356804192953,广场舞鞋绣花鞋拼色绣鞋透气妈妈鞋老北京布鞋夏季新款汉服高跟,39.45,344773994
359345883885,新款老北京布鞋女汉服绣花鞋中老年民族风防滑软底妈妈广场舞蹈鞋,37.71,344773994
372101303049,广场舞鞋绣花鞋内增高女鞋透气妈妈鞋老北京布鞋夏季新款汉服高跟,39.54,344773994
168371693489,广场舞鞋绣花鞋内增高女鞋透气妈妈鞋老北京布鞋秋季最新款汉服鞋,71.9,344773994
211855581375,2022冬季新款加绒加厚真皮坡底羊毛冬季女鞋橡胶防滑耐磨软底女靴,98.8,344773994
221189546686,新款老北京绣花布鞋女民族风古装汉服鞋子牛筋底布鞋妈妈舞蹈鞋,39.9,344773994
221430543764,一字牌护士鞋女白色坡跟软底牛筋底美容鞋平底夏季防臭透气小白鞋,33.6,344773994
220763735771,广场舞鞋绣花鞋方跟女鞋透气妈妈鞋老北京布鞋秋季最新款布汉服鞋,76.8,344773994
316035334738,四层加厚成人男女口罩一次性防护高效防尘口罩四层透气口罩批发,12.8,722877288
201510483384,独立包装口罩一次性批发三层防护防尘成人口罩防雾霾3层透气大人,6.97,722877288
373259052373,现货速发口罩批发一次性加厚三层成人防护抗病菌不勒耳独立包装,1.58,722877288
347549273757,儿童口罩一次性独立包装小学生三层含熔喷布透气防护幼儿园批发,3.99,722877288
296686994224,一次性三层蓝粉黑白色口罩女高颜值防尘防晒透气成人学生口罩批发,6.0,722877288
199673032085,一次性口罩整箱2000三层含熔喷布现货成人口罩防飞沫防病菌防异味【1月13日发完】,60.0,722877288
330057976904,一次性口罩成人日常防护口罩透气三层加厚口罩防飞沫防尘熔喷布【1月13日发完】,12.8,722877288
344533749385,2022新款莫兰迪色口罩女高颜值网红同款ins独立包装一次性口罩潮,1.58,722877288
185806399080,一次性口罩整箱2000三层含熔喷布现货成人口罩防飞沫防病菌防异味【1月13日发完】,60.0,722877288
186244534635,黑色口罩一次性加厚三层防护防尘防晒透气成人学生男女黑口罩批发,1.88,722877288
185857522416,口罩一次性批发整箱2000只民用成人三层含熔喷布透气防飞沫防病菌【1月13日发完】,240.0,722877288
338547012626,一次性口罩批发含熔喷布三层无纺布防护防尘透气成人学生厂家直销,3.83,722877288
305561334804,一次性口罩白色口罩女高颜值黑色耳带绳学生夏季薄款三层防护口罩,5.5,722877288
124008464467,【官方正品】中粮长城 国产红酒清爽干红葡萄酒750ml*6红酒整箱,138.0,140639704
76128212558,【官方正品】 长城酝美甜红葡萄酒6瓶红酒红酒批发整箱750ml*6,102.0,140639704
77486888741,【官方正品】长城北纬37赤霞珠干红葡萄酒高档红酒整箱750ml*6,199.0,140639704
279579630566,【官方正品】中粮长城甜红葡萄酒香逸浓甜型女士红酒批发整箱6瓶,119.0,140639704
144606497046,【官方正品】长城北纬37赤霞珠干红葡萄酒高档红酒整箱750ml*6,355.0,140639704
179782722290,【官方正品】长城北纬解百纳干红葡萄酒红酒整箱年货送礼750ml*6,264.0,140639704
80267915723,【微损坏标】长城神话扬帆红酒正品葡萄酒多规格超值特卖不退不换,48.9,140639704
97934202871,【长城正品】 香逸浓甜红葡萄酒 11度红酒整箱甜酒葡萄酒750ml*6,159.0,140639704
76428440408,【官方正品】长城北纬赤霞珠干红葡萄酒高档红酒礼盒送礼赠开瓶器,109.0,140639704
322920200961,【官方正品】长城 东方系列 雷司令半甜白葡萄酒甜型葡萄酒双支,85.0,140639704
159352716574,中粮长城烟台蓬莱产区至醇干红葡萄酒750ml*2双支装,49.28,140639704
124034986888,【官方正品】长城 海岸传奇扬帆解百纳干红葡萄酒750ml*6红酒整箱,165.12,140639704
78207863137,【官方正品】 烟台长城酝美甜红葡萄酒 11度 750ml单支装,24.9,140639704
246083850047,【官方正品】中粮长城甜白葡萄酒红酒 6°微泡气泡酒起泡甜酒,129.0,140639704
274550763542,【官方正品】 烟台长城酝美甜红葡萄酒红酒整箱750ml*6,118.0,140639704
254114934591,【大促销】正品缅甸老坑翡翠冰种飘花玉手镯真玉天然玉石送礼自戴,146.0,860079953
256882657506,【带证书】缅甸天然老坑冰种油青翡翠色手镯淡绿飘花翡翠手镯女款,68.0,860079953
280540801386,【带证书】缅甸天然翡翠飘花手镯玉手镯冰种玉石女送礼送妈妈生日,158.0,860079953
333271871507,天然新疆和田玉羊脂级白玉手链手串圆珠老型单圈玉珠男女款送礼物,19.9,860079953
253085631037,正品天然缅甸翡翠老坑冰种飘花玉手镯女款带证书a玉石送礼送妈妈,102.09,860079953
410085099985,天然羊脂级白玉手镯真货玉石手镯古风送女士闺蜜妈妈节日生日礼物,28.8,860079953
258693688604,正品翡翠手镯飘花紫罗兰贵妃正圈春彩玉手镯a热卖送礼翡翠直播,30.0,860079953
303232939062,羊脂白玉纯天然正品玉手镯和田玉手镯转运学生少女玉镯送妈妈礼物,88.0,860079953
258579551447,天然翡翠佛公玉观音平安扣金枝玉叶玉如意四季豆玉葫芦玉吊坠挂坠,38.8,860079953
421058812404,缅甸正品翡翠玉手镯女真货冰种老坑蓝水浅绿玉镯子女款带证书送礼,99.0,860079953
251751607523,【带证书】正品缅甸天然冰种油青玉手镯翡翠手镯a货玉石女款送礼,66.6,860079953
424364458970,【带证书】高档翡翠蓝水佛公冰种笑佛翡翠弥勒佛吊坠女保平安健康,29.9,860079953
267561157942,【带证书】缅甸天然老坑冰种翡翠手镯紫罗兰冰糯种满圈紫玉镯女款,82.2,860079953
251749288610,【带证书】正品缅甸天然冰种翡翠飘绿浅绿玉手镯玉石女送礼生日礼,98.0,860079953
273717509896,原神号自抽号官服钟离宵宫万叶甘雨雷神妮露草神纳西妲成品账号魈,0.8,981714130
215825229111,手工灌香肠器自制灌腊肠工具手动小型灌肠机家用罐装香肠的机器,5.86,6226698
229837793202,猫头鹰灭蚊灯家用静音卧室孕妇无辐射led灭蚊器插电捕蚊器驱蚊器,6.89,6226698
394734529035,彩色打印资料装订成册网上打印A4复印文件宣传画册印刷论文打印店,0.5,341569152
79025438013,国潮中国风冰箱贴磁铁纸个性创意旺福网红爆款3d立体ins高颜值,5.0,852935919
284822155514,新款被子固定器家用被套床单棉被无痕安全无针防跑被罩扣隐形神器,1.13,614158385
243848758303,防火蚊香盘蚊香架蚊香盒创意家用带盖室内户外安全蚊香炉日式盘托,3.37,614158385
228680826145,蚊香盘托接灰盘蚊香盒家用大号不锈钢锯齿蚊香座防火蚊香托蚊香架,3.9,614158385
318050489736,无针被子固定器防划被套罩床单夹子防滑脱不冰卡扣防脱被子厚被子,7.61,614158385
246211409041,冰块模具冰格速冻冰块的模具家用自制冰淇淋速冻器带盖商用制冰盒,6.9,614158385
313297697490,软针被子固定器家用被套床单棉被无痕安全无针防跑被罩扣隐形神器,1.91,614158385
228298032311,定制家用防蚊纱防蚊纱窗网自粘式自装型魔术贴蚊网纱推拉窗户沙窗,3.9,614158385
232450140870,防火盘加厚盒创意接灰大号架炉便捷家用新款蚊香带盖托盘驱蚊盒子,1.95,614158385
244190525505,乳贴防凸点学生一次性防走光贴女胸贴无纺布男士乳贴透气男女专用,3.79,614158385
304231628471,被子固定器新款定位扣被套床单棉被无痕安全无针防跑被罩隐形神器,2.61,614158385
326905902256,若如初见古风毛衣春秋新款V领针织上衣百搭宽松显瘦套头毛衣加厚,29.6,1269513
396246298238,小香风蓝色亮片套头毛衣女宽松慵懒风早秋2022新款日系针织衫上衣,29.8,1269513
302190579446,拼色慵懒风菱形格毛衣外套女2022秋冬宽松外套复古日系针织开衫女,34.5,1269513
379659556684,2022秋冬加厚毛衣女水貂绒新款港风洋气水貂毛高领垫肩毛衣上衣女,39.79,1269513
288795855264,秋冬季开衫毛衣女外套小众外穿秋冬季新款chic韩系温柔风针织开衫,34.5,1269513
381162889092,慵懒风连帽毛衣开衫女中长款韩版2022新款春秋宽松设计感针织外套,42.5,1269513
395210634955,2022春秋新款粉色亮片毛衣女小个子温柔风超温柔镂空针织衫学院风,29.8,1269513
227413070677,小香风开衫女2022秋冬季新款针织开衫女外套宽松毛衣女学院风百搭,31.6,1269513
322465929510,2022秋冬新款拼色小熊开衫女韩版宽松懒庸学院风针织开衫毛衣加厚,65.49,1269513
228643207416,小香风马甲背心外套女2022年春秋新款毛衣韩版宽松针织衫开衫学院,19.6,1269513
331939202591,黄色爱心小香风毛衣女短袖2022年春季新款设计感甜美别致针织上衣,29.6,1269513
327855753789,2022年春秋新品绣花甜美玫瑰手工钩花工艺花朵棒针毛衣加厚开衫女,39.8,1269513
380156679383,温柔风娃娃领针织开衫女2022春秋新款韩系宽松外穿减龄毛衣学院风,34.5,1269513
155338504269,2022新款秋冬羊毛大衣纯手工双面尼外套中长款羊绒毛呢大衣女加厚,188.0,1269513
429986765919,2023兔年个性创意新款过年红包袋新年春节儿童卡通千元压岁利是封,4.6,539383635
427055592059,兔年玻璃贴生肖2023过年静电贴新年装饰品门贴窗花福字春节剪纸,2.46,539383635
426592048344,2023兔年新年过年对联春联装饰用品春节家用门联大门布置福字门贴,9.8,539383635
336810495395,礼炮开工庆典开业大吉礼花乔迁之喜新居搬家仪式用品彩带喷花筒,4.55,539383635
359627300890,扇子折扇中国风女式学生古风流苏夏季随身携带古装汉服小竹扇礼物,6.8,539383635
432558840547,新款对联2023春联兔年过年装饰卡通立体春节新年大门家用装饰品,6.7,539383635
399079883734,新年兔子灯笼2023兔年过年春节新款儿童手提花灯手工制作diy材料,5.8,539383635
431072606477,2023兔年新年新款红包袋过年儿童卡通个性创意春节千元压岁利是封,9.9,539383635
338306399516,扇子折扇中国风女式学生古风流苏夏季随身携带古装古代汉服小竹扇,4.7,539383635
359118207424,乔迁之喜对联装饰搬家新居布置入宅仪式用品进宅大吉新房入户门贴,5.8,539383635
325970481651,戒尺家法家用竹制竹条送教师礼物男女专用老师加厚教鞭教尺弟子规,3.5,539383635
325970261411,古风扇子团扇中国风夏季舞蹈古典古装宫廷汉服女式长柄流苏小圆扇,5.8,539383635
390938047544,2023新年元旦古风兔子灯笼汉服新年手工制作diy材料手提儿童花灯,16.8,539383635
327257891461,戒尺教鞭家用国学弟子规竹条竹雕工艺品学生送女老师男教师礼物,4.59,539383635
357098955948,古风扇子团扇儿童夏季半透长柄流苏小折扇古装女式汉服旗袍舞蹈扇,7.8,539383635
296263889646,豆浆过滤网超细超密水果蔬菜汁葡萄酒渣过滤袋厨房挤馅袋挤菜馅布,8.9,689876475
332152528942,豆浆过滤网超细厨房果汁过滤布奶茶葡萄酒咖啡过滤神器无渣过滤袋,7.0,689876475
400891539363,挤馅布食品过滤网饺子馅挤水袋葡萄酒豆浆过滤残渣果汁蔬菜超细密,6.01,689876475
419678715754,挤馅布食品过滤网饺子馅挤水袋葡萄酒豆浆过滤残渣果汁蔬菜超细密,1.01,689876475
372172743292,特价大包原木纸巾抽纸批发整箱大包纸巾家用面巾纸餐巾纸母婴用纸,16.9,659827289
385604904728,特价大包原木纸巾抽纸批发整箱大包纸巾母婴用纸家用餐巾纸面巾纸,16.9,659827289
335969527650,【60包特价】原木抽纸整箱批发家用实惠婴儿新生儿纸巾卫生纸抽,16.9,659827289
422081427821,【加厚加量】大包带整箱批发抽纸家用纸巾餐巾纸面巾纸柔纸卫生纸,16.9,659827289
380855796261,【特价抽纸】抽纸整箱批发实惠卫生纸厂家直销纸巾妇婴适用棉柔巾,16.8,659827289
192157933473,JCALLY杰仕声JC-08S耳机升级线mmcx凹凸0.78适用于舒尔KZ CCA TRN,39.0,923150014
193586993772,JCALLY杰仕声JA04数字音频转接头瑞昱5686解码耳放线typec转3.5口,48.99,923150014
169163107206,JCALLY杰仕声ALC5686DAC解码耳放线HIF发烧音频转接头typec转3.5m,49.0,923150014
203817221349,JCALLY杰仕声JM08C解码耳放type-c便捷手机音质提升器转接头3.5mm,39.0,923150014
198188811172,入耳式有线耳机游戏电竞typec接口圆头电脑适用于OPPO手机vivo通,29.0,923150014
128850039939,原道耳机平头式改线MMCX耳机头单晶铜镀银线舒尔母座HIFI音质DIY,30.0,923150014
222187164586,JCALLY杰仕声JA05数字音频解码耳放一体转接头typec转3.5安卓耳机,33.99,923150014
214231133080,JCALLY杰仕声JM08L苹果解码耳放小尾巴扁头lightning耳机转接头3.,89.0,923150014
234256922060,【60包一年加量装】原木抽纸整箱批发家用1包可湿水纸巾实惠装,6.78,461802
345933954764,【超市加量大包】抽纸整箱批发家用纸巾卫生餐巾纸实惠装厂家直销,2.88,461802
379079789650,【56卷巨量超值装】木浆卷纸卫生纸无芯厕所纸巾手纸家用批发14卷,18.9,461802
326162443859,【虎年大吉-超市同款抽纸】400张加量特大尺寸家用批发整箱纸巾,26.9,461802
415657528251,【加量+大粗卷】无芯卷纸卫生纸厕所纸家用整箱批发纸巾大卷筒纸,14.91,461802
324201098521,【400张/大包加厚】原木抽纸巾整箱批发家用卫生纸餐巾纸厂家直销,2.98,461802
332174206071,【超市同款大规格】抽纸5层加厚家用纸巾整箱批发卫生餐巾纸420张,33.9,461802
323802015200,【60包一年加量装】原木抽纸整箱批发家用可湿水纸巾1包实惠装,2.98,461802
385136937333,五斗柜美式收纳柜简约卧室小柜子床头收纳柜客厅靠墙抽屉柜储物柜,161.0,569720506
287419349603,书桌书架一体桌家用卧室男孩女孩桌椅组合学习桌儿童游戏写字桌子,90.0,569720506
243375342411,家用餐边柜厨房储物柜客厅靠墙茶水柜现代简约碗柜置物简易小柜子,127.0,569720506
289171878333,儿童学习桌家用书桌小学生书桌写字桌椅套装家用课桌椅组合电脑桌,86.0,569720506
265626287267,书柜书架置物架书桌一体组合儿童女孩男孩小学生家用写字学习桌子,87.0,569720506
265646479377,电脑桌台式电竞桌子家用桌椅组合简约现代简易卧室办公桌学生书桌,96.0,569720506
239525783305,书架简易落地书柜置物架简约客厅收纳柜子储物经济型家用学生书架,86.0,569720506
422418958418,2022新款爆款鞋柜家用门口楼道玄关柜简约现代大容量经济收纳鞋架,166.0,569720506
295230753890,儿童书架置物架落地储物柜卧室玩具收纳柜客厅简易小型组合书柜,103.0,569720506
258004125674,台式小电脑桌子椅子一套电竞桌套装简易家用学生书桌学习桌笔记本,96.0,569720506
228328282076,颈椎按摩器车载家用充电无线按摩枕颈背腰部多功能全身揉捏热敷,129.0,238530490
145134627481,凯仕乐海豚按摩器棒仪颈椎捶背电动手持式肩颈腰部全身振动敲打锤,149.0,238530490
145302907786,海豚按摩棒器大力敲打锤肩颈部腰多功能全身振动揉捏腿电动手持式,259.0,238530490
170198011647,颈椎按摩器电动肩颈腰背部腿部多功能全身揉捏按摩枕车载家用枕头,139.0,238530490
147097103338,海豚颈椎按摩器棒肩颈腰部全身多功能电动手持式颈椎敲打锤捶背仪,129.0,238530490
236581728741,12V2A按摩枕电源按摩器专用家用车用按摩器电源适配器电源线插头,26.0,238530490
145220635899,凯仕乐肩颈按摩器披肩颈椎腰背部脖捶打敲披肩电动加热海盐包礼物,129.0,238530490
142063504110,肩颈椎按摩器多功能电动仪颈部背部腰肩部颈肩按摩枕车载家用枕头,129.0,238530490
145168738287,凯仕乐充电海豚按摩器棒振动锤肩颈腰全身多功能手持式颈椎按摩器,249.0,238530490
243156255178,颈椎按摩器热敷肩颈腰背部腰部多功能全身揉捏按摩枕车载家用枕头,139.0,238530490
145150043674,凯仕乐颈椎按摩器仪捶背肩颈部腰部拍打敲多功能全身捶打按摩披肩,129.0,238530490
230114550329,立昌肩颈椎按摩器仪腰部背部腿部加热捶打家用多功能全身按摩披肩,109.0,238530490
149788000733,肩背按摩器披肩家用多功能捶打加强敲敲乐颈部背部腰部肩颈椎按摩,89.0,238530490
145259982941,凯仕乐海豚按摩器棒双头锤颈腰肩部捶背多功能全身振动电动手持式,269.0,238530490
231841278936,凯仕乐颈椎揉捏按摩器颈部腰部肩部按摩枕靠垫家用全身捶打按摩垫,799.0,238530490
384307587090,书包女ins森系百搭耐脏小众冷门大容量初高中学生高颜值双肩包女,29.82,572554367
389401438238,书包女ins森系百搭初高中学生高颜值耐脏涂鸦不撞款大容量背包女,29.68,572554367
373249536280,书包女ins森系百搭 初中高中学生小学生三到六年级大容量双肩背包,29.8,572554367
384325139806,高颜值书包女ins森系百搭可爱少女格子双肩包初中高中学生背包潮,32.65,572554367
203140651797,书包男潮流ins风韩版大学生高中初中生网红双肩包女大容量背包酷,29.98,572554367
260139594640,高颜值书包女ins森系百搭古风出中学生高中大容量韩版双肩包潮,29.92,572554367
384318493376,高颜值书包女ins森系百搭小学大容量大学高中初中学生双肩包耐脏,29.9,572554367
314192987817,书包女ins森系百搭小众不撞款韩版大学生简约百搭高中学生双肩包,32.85,572554367
307346067473,ins韩版克莱因蓝背包斜挎包女学生百搭出去玩简约小众格子上课包,26.6,572554367
325420801130,高颜值书包女ins森系百搭大容量韩版大学生高中初中学生双肩背包,44.8,572554367
316977202848,日系ins风高颜值少女高中学生书包女韩版原宿不撞款双肩包大容量【11月17日发完】,29.96,572554367
299690997096,ins韩版背包斜挎包女学生百搭出去玩酷潮简约小众跨包上课包耐磨,26.6,572554367
312683618579,韩国ins风小众简约百搭大学生双肩包女 高中学生书包大容量背包潮,32.9,572554367
264646538565,实木椅子轻奢餐椅家用凳子靠背椅北欧现代简约休闲网红餐厅餐桌椅,105.0,889224567
275440996480,全实木餐椅靠背椅子家用凳子简约现代中式木头书桌饭店餐厅餐桌椅【9月30日发完】,65.0,889224567
317462206740,实木椅子靠背椅餐椅家用书桌椅凳子Z椅书房电脑椅学生写字学习椅,68.0,889224567
430037794495,整装全实木椅子餐椅家用凳子靠背椅中式古典雕花象头椅酒店餐桌椅,156.75,889224567
264867946842,实木餐椅轻奢餐桌椅子家用简约现代凳子靠背椅北欧意式科技布皮椅,105.0,889224567
266935961939,全实木椅子餐椅家用凳子靠背椅简约现代中式餐厅木头椅饭店餐桌椅,53.0,889224567
431035590440,实木椅子餐椅家用简约现代新中式轻奢原木头餐厅餐桌椅凳子靠背椅,55.0,889224567
310892618229,全实木椅子餐椅家用靠背椅凳子现代简约中式书房学习椅餐厅餐桌椅,55.69,889224567
311350608237,实木餐椅家用餐桌椅子靠背椅凳子现代简约中式木头椅书房餐厅木椅【9月30日发完】,58.0,889224567
263690488153,实木餐椅家用桌椅凳子靠背椅子简约书房久坐学习椅中式饭店餐厅椅,55.1,889224567
313741073537,实木餐椅家用餐桌椅子轻奢现代简约软包靠背椅凳子北欧餐厅网红椅,105.0,889224567
330281625604,全实木椅子靠背椅餐椅家用简约现代中式木头书桌椅餐厅餐桌椅凳子,58.0,889224567
424638121807,实木沙发边几床头边柜小桌子茶几移动卧室阳台客厅茶桌方角几边桌,129.0,889224567
310415973613,全实木椅子靠背椅餐椅家用现代简约木头中式书桌椅凳子餐厅餐桌椅,55.1,889224567
264295785592,实木书桌椅靠背椅子家用餐桌凳子简约书房电脑学生写字久坐学习椅,68.0,889224567
324643736893,苹果11钢化膜iPhone手机膜全屏覆盖promax原装防指纹防摔保护pro,14.8,261017170
304180853565,ipad钢化膜新款2021/2020平板10.2寸air234蓝光mini6/5苹果9.7pro,15.8,261017170
346754425671,二合一OTG转接头适用于typec安卓通用usb多功能手机平板U盘转接器,16.8,261017170
303766705900,苹果12防窥钢化膜iPhone12pro手机膜防偷窥promax原装防摔保护膜,13.9,261017170
294897228627,苹果14/13防窥钢化膜iPhone12/11Pro气囊手机膜xr/xsmax防摔保护,14.8,261017170
325155287460,苹果12陶瓷钢化膜iPhone12pro手机膜promax全屏原装防摔保护mini,14.8,261017170
257552302942,苹果12钢化膜iPhone11手机膜防窥xs/xr全屏promax绿6/7/8Plus蓝光,11.8,261017170
294936205085,苹果14/13防窥钢化膜iPhone12/11手机膜promax防偷窥xr防摔保护xs,13.9,261017170
324004964192,苹果XR钢化膜iPhonex/xs手机膜全屏覆盖原装防指纹xsmax防摔保护,13.9,261017170
285313947297,苹果13钢化膜iPhone13pro手机膜全屏覆盖promax原装防摔保护mini,14.8,261017170
254256267907,适用于小米11全胶陶瓷钢化膜mi11pro手机膜全覆盖11Ultra防摔保护,16.8,261017170
303311182382,苹果12防窥钢化膜iPhone12pro手机膜防偷窥promax防摔保护膜mini,15.8,261017170
312393756334,苹果7/8钢化膜iPhone6/6S全屏覆盖7P抗蓝光plus高清原装8plus防摔,13.9,261017170
253649390777,适用于华为mate40pro全胶陶瓷钢化膜mate40手机膜全覆盖e防摔保护,16.8,261017170
253661199063,适用于华为mate30pro全胶陶瓷钢化膜30epro手机膜全覆盖g防摔保护,16.8,261017170
119084005768,屯里付氏正品四季运动吸汗防臭鞋垫男女透气汗脚中药除臭,5.88,823823558
198840133045,超保暖自剪鞋垫加绒加厚毛毡长条男女通用保暖儿童秋鞋垫秋冬季,3.89,823823558
119112390669,5双10双春秋千层布手工鞋垫男女士纯白运动全棉透气吸汗除臭鞋垫,6.2,823823558
400763159907,自剪鞋垫春秋四季男女儿童通用透气运动鞋垫长条减震透气冲孔鞋垫,6.9,823823558
275219358911,秋冬季可任意裁剪鞋垫长条加绒加厚毛毡保暖鞋垫儿童棉鞋垫,3.5,823823558
223432317079,买5双送5双除臭鞋垫春秋季薄款运动除臭留香防滑耐磨不烧脚鞋垫,4.6,823823558
232800079205,【3-10双】千层布鞋垫夏季薄款吸汗透气防臭鞋垫男士女士运动鞋垫,4.39,823823558
169438061548,凤尾款秋冬季保暖鞋垫加绒加厚抗寒柔软吸汗除臭防滑耐磨运动鞋垫,5.01,823823558
130171159227,众有财富春秋季除臭鞋垫男士女士运动鞋垫吸汗中药防臭除臭不烧脚,6.98,823823558
246109002817,花香除臭防臭鞋垫春秋季吸汗透气运动鞋垫男士女士除臭防臭,1.98,823823558
308385220347,现剥新花生米生新货特级粉皮新鲜大粒花生米不带壳榨油白沙花生仁,4.07,578527844
334045482900,【21年新货】新鲜大粒花生米粉红皮花生米当季新白沙生花生批发,8.6,578527844
252190093949,生花生米特价批发去壳白沙花生新货农家自种手剥花生米3斤5斤装,21.49,578527844
190897753120,【羊毛被】100%羊毛被子被芯冬季特厚防寒保暖抗菌单双人速热中厚,260.76,836493529
202154361505,商用摆摊燃气球形蝶形单锅双锅爆米花机棉花糖一体机组合机摆摊,206.1,732921384
243435519556,【203.4元抢222件，抢完恢复226元】商用球形爆米花机棉花糖一体机摆摊流动燃气爆谷机送全套原料技术,203.4,732921384
217348696359,卫康隐形眼镜护理液大瓶品牌美瞳护眼液杀菌保湿水润男女清洁药水,14.76,215686086
203325310886,海昌全舒适隐形眼镜日抛10片装一次性有度数防紫外线近视男女超薄,49.9,215686086
220044072451,海昌隐形眼镜护理液美瞳护眼液多功能护理近视眼睛大小瓶杀菌120,15.9,215686086
224049877629,海俪恩美瞳隐形眼镜年抛2片小直径自然款14.0有度数学生品牌网红,18.6,215686086
350677432305,库博光学隐形眼镜月抛6片装透明片有度数近视不伤眼原装进口,39.9,215686086
361702524086,博士伦隐形眼镜半年抛睛莹两片装学生近视镜有度数透明片舒适轻薄,52.9,215686086
203273252937,海俪恩美瞳隐形眼镜护理液120ml水大小瓶海昌官方正品多效护理液,11.9,215686086
197263855272,海俪恩2片装隐形眼镜半年抛有度数学生新手美瞳防蓝光高清水润1片,18.9,215686086
234931232616,【20.54元抢6417件，抢完恢复41.9元】博士伦年抛美瞳隐形眼镜自然14.3夏季学生美瞳新款网红同款品牌,20.54,215686086
220042259087,海俪恩水滋润隐形眼镜润滑液10ML保湿眼药水美瞳滴眼液小瓶护理液,8.3,215686086
330242914676,博士伦隐形眼镜清朗月抛6片进口高透氧有度数近视不伤眼男女适应,35.94,215686086
205698852784,【两片装】海昌EYE100%近视透明隐形眼镜月抛防蓝光男女学生透氧,19.9,215686086
235097254513,【24.5元抢34670件，抢完恢复49.99元】海昌星动蕾丝半年抛两片美瞳隐形眼镜14.1学生美瞳自然混血网红款,24.5,215686086
265959196396,品牌隐形眼镜美瞳半年抛5副月抛季抛舒服近视自然素颜大小直径,11.13,215686086
197736861660,海俪恩水氧分隐形眼镜季抛两片官方正品男女有度数防蓝光美瞳学生,23.66,215686086
411717799872,正宗甘草片15瓶/大盒老牌子甘草片非复方甘草100片正品甘草含片,26.0,838721513
415621537818,正宗甘草片老牌子 100片批发老牌子甘草片 非复方甘草,6.3,838721513
426046354610,【御品一园】正宗广西沃柑纯甜精品彩箱新鲜水果柑橘橙桔子3斤,14.9,997337384
377382527187,【御品一园】陕西红富士苹果水果新鲜冰糖心当季净重3/4.5/8.5斤,13.5,997337384
390962359281,【御品一园】精品突尼斯软籽石榴净重5斤280g起正宗四川会理水果,20.2,997337384
418028747168,山西贡梨冰糖雪梨酥脆梨子新鲜水果当季精选3/5/9斤,15.8,997337384
331707649375,【御品一园】玉露香梨礼盒装山西正宗新鲜脆甜净重4.5斤8.5斤梨子,36.8,997337384
435950921362,【5人团】四川正宗春见耙耙柑净重5斤果径73mm以上彩箱新鲜水果,19.5,997337384
410213379491,【御品一园】彩箱正宗爱媛38号果冻橙新鲜水果手剥新鲜4.8斤,27.9,997337384
425623919938,【御品一园】正宗春见耙耙柑彩箱新鲜水果四川柑橘桔子4.7斤,26.9,997337384
402842329141,【新果】花牛苹果甘肃天水新鲜水果粉面刮泥蛇果黑苹果净重4.7斤,21.9,997337384
386081886123,【御品一园】爆甜冬枣新鲜水果运城庙上冬枣脆枣鲜枣青红栆1000g,18.8,997337384
331723245907,香梨礼盒装运城红香酥单果120g以上净重4.5斤8.5斤,21.9,997337384
406416306080,【5人团】精品香梨净重4.5斤单果140g以上礼盒装红香酥梨子中秋,31.8,997337384
425791743503,【御品一园】精品运城苹果红富士水果新鲜冰糖心丑苹果脆甜4.5斤,40.8,997337384
331034185331,【御品一园】羊角蜜甜瓜精品装山东头茬净重2.8斤4.5斤单果350g起,26.8,997337384
427644381120,正宗四川不知火丑橘彩箱新鲜水果四川柑橘桔子4.7斤,24.5,997337384
430066234,优妮精油洗发水乳正品去屑止痒柔顺控油修护套装润养头皮蓬松防脱,31.9,1290992
82020370264,优妮护发素免蒸发膜倒模正品修复染烫受损改善干枯毛躁补水柔顺滑,39.0,1290992
343394698043,eec鱼子酱多肽蛋白保湿五件套护肤品 补水修护水乳紧致孕妇女可用,99.0,1290992
429460017,优妮护发素免蒸发膜倒模正品修复染烫受损改善干枯毛躁补水柔顺滑,29.9,1290992
280595062136,优妮氨基酸洗发乳果油洗护洗发水护发素补水滋养控油去屑柔顺蓬松,39.9,1290992
438912737,优妮马油生姜洗发水护发素沐浴露家庭套装正品控油蓬松防脱柔顺滑,129.0,1290992
72808161697,eec鱼子精华胶原紧致面膜5片装改善细纹保湿补水提亮肤色孕妇可用,27.5,1290992
439274582,优妮沐浴乳马油水漾沁爽沐浴露男女士通用持久留香补水保湿家庭装,49.9,1290992
41308346184,东洋之花蛇油防裂护手霜正品男女秋冬防皴裂防冻滋润保湿补水嫩白,9.9,1290992
61974341213,玉皙豆乳豆奶补水修护免洗面膜保湿修护提亮肤色孕妇可用面膜正品,18.0,1290992
439315288,优妮护发素正品马油补水飘逸免蒸发膜烫染受损修护保湿补水倒膜膏,49.9,1290992
17455439317,正品 天然A货翡翠十二生肖项链鼠牛虎兔龙蛇马羊猴鸡狗猪男女吊坠,29.61,430065991
152818349778,真朱砂时来运转吊坠本命年古风玉坠紫金砂平安扣项链男女轮回玉佩,29.9,430065991
152818220121,黑曜石时来运转吊坠本命年古风玉坠平安扣扭转乾坤项链女轮回玉佩,34.0,430065991
73324994810,2022虎年淘运灵阁属鸡人的双鲤宝瓶琉璃摆件生肖吉祥物家居摆放,18.32,430065991
73681461240,淘运灵阁属龙飞麟迎鸿摆件2022年生肖龙琉璃摆式家居卧室吉祥礼物,28.8,430065991
23720990007,天然水晶黑曜石吊坠十二生肖属鼠牛虎龙马羊猴猪蛇鸡狗项链男女,17.64,430065991
73352316806,淘运灵阁属羊人的谛听赐印琉璃摆件2022虎年生肖羊吉祥物礼物男女,25.6,430065991
86298782073,天然冰种黑曜石关公项链男兄弟情义吊坠武财神招财霸气挂坠,88.0,430065991
329272948500,巴布豆童鞋男童鞋子儿童运动鞋秋冬季新款小学生女孩保暖防水皮面,59.0,882274468
333411541501,巴布豆男童凉鞋防臭沙滩鞋小童男凉鞋中大童夏季新款儿童软底凉拖,59.0,882274468
317194923259,巴布豆儿童鞋子男童运动鞋2022春秋季新款小学生男孩防臭透气网面,59.0,882274468
262378069860,天然猪肠衣羊肠衣自制灌香肠工具家用食品级肠子衣红腊肠香肠调料,6.88,814248614
280380351872,红曲米粉10g色素色粉烘焙红曲粉蛋糕原料食用红丝绒卤味专用天然,3.8,814248614
312678201284,肠衣猪肠衣羊肠衣自制灌香肠工具家用可食用肠子衣红腊肠香肠调料,6.88,814248614
328655767983,小酥肉专用粉家用酥脆炸酥肉粉禾苏炸粉脆炸鸡排藕夹茄夹油炸裹粉,8.88,814248614
241901267106,小茴香粒 小茴香粉香料调料家用散装干货调料大全,6.8,814248614
199999323753,香料调料大全大料八角桂皮香叶花椒茴香辣椒草果炖肉组合做菜卤料【7天内发货】,3.99,814248614
280256659708,台湾风味香肠调料烤肠料家用自制灌香肠料儿童肠猪羊肠衣包邮,7.49,814248614
351187483588,卤料包卤料大全秘制炖肉调料家庭全套卤菜卤味卤蛋五香卤肉包家用,4.88,814248614
334205484476,小酥肉专用粉家用酥脆炸酥肉粉禾苏炸粉脆炸鸡排藕夹茄夹油炸裹粉,8.88,814248614
360397649615,烧烤调料撒料商用家用孜然粉椒盐全套秘制烤肉料烧烤粉刷蘸料腌料,6.88,814248614
209125082430,香料调料大全大料八角桂皮香叶花椒茴香辣椒草果丁香组合做菜卤料,4.88,814248614
347663647856,卤料包家庭卤小包装卤肉料包五香配方酱炖牛肉菜茶叶蛋调料包家用,4.88,814248614
209948302972,茶叶蛋调料包自家卤味卤水配方商用五香茶叶蛋秘制香鸡蛋卤料包,5.58,814248614
429723182826,天然猪肠衣羊肠衣自制灌香肠工具家用食品级肠子衣红腊肠香肠调料,6.7,814248614
328382538046,甘草片100片瓶装 润喉护嗓子干痒非止咳化痰嗽复方老牌子甘草含片,18.9,275918874
307351651565,嘉城家用筷子笼免打孔筷筒沥水加厚厨房大容量餐具汤勺收纳盒澄亮,28.0,892217906
307453482406,瑞本德国品质智能家用破壁机免泡豆免过滤一机多用辅食果汁豆浆机,239.0,892217906
319578405127,防低头族神器颈托护颈家用理疗办公室简易颈椎脖子前倾矫正器固定,29.9,892217906
158399334959,2022冬桑蚕丝棉衣男式加绒加厚中老年男士上衣保暖衬衫长袖格子,80.03,518023757
174166746959,【L-7XL可穿到230斤】秋冬男式加绒加厚保暖衬衫中老年宽松衬衣男,68.0,518023757
53917573923,秋冬时尚格子保暖衬衫男士保暖衬衣中年男式加绒加厚休闲外套男装,68.0,518023757
61380225539,冬季加绒加厚保暖男式保暖衬衫加绒休闲格子衬衫长袖爸爸装中老年,57.99,518023757
36284569446,保暖衬衫男2022新款加绒加厚男式保暖衬衣男士中老年休闲大码男装,48.89,518023757
273770062200,【高档一体绒】冬款新款加绒加厚男式保暖衬衫男士中老年休闲男装,69.0,518023757
44905736624,【高档棉质】加绒加厚男式格子保暖衬衣商务休闲纯色衬衫中年男装,68.0,518023757
74636384355,纯棉春秋新款长袖衬衫中老年衬衫商务休闲中老年衬衣洗水全棉面料,58.0,518023757
165735949097,2022秋冬季新款男式假两件保暖青中年男士衬衫套头毛衣爸爸装,98.0,518023757
43431921914,2022新款小领棉衬衣扣领尖领冬季保暖加绒加厚秋冬蓝色衬衫,59.0,518023757
8898927762,2022新款潮流男士衬衫男士高档衬衫帅气长袖新款夏秋季,39.0,518023757
220535187815,21春夏新款棉质高档格子男士长袖衬衣商务休闲中老年男式衬衫宽松,49.9,518023757
164911469226,冬季灯芯绒加绒加厚男式保暖衬衫棉羊绒保暖内胆中老年长袖衬衫,88.0,518023757
154482608665,2022冬季男士纯棉保暖休闲长袖衬衫加绒加厚格子全棉衬衣中年男式,89.0,518023757
157406957313,2021秋冬季新款格子加绒加厚衬衫男式休闲长袖衬衣中老年保暖男装,68.0,518023757
264259437115,即食麻辣鱿鱼仔带籽零食批发新鲜满籽香辣墨鱼仔炭烤海鲜休闲小吃【12月24日发完】,9.9,417506329
247711077317,【10罐巨划算】五香黄花鱼罐头下饭菜香辣海鲜熟食罐装黄花鱼1罐,6.8,417506329
275369065772,【10罐】五香带鱼罐头下饭菜香辣海鲜熟食罐装黄花鱼1罐,24.8,417506329
244967095728,【5罐巨划算】五香黄花鱼罐头下饭菜香辣海鲜熟食罐装黄花鱼2罐,9.9,417506329
278634024323,【4罐巨划算】油浸蟹黄酱蟹膏即食海鲜酱螃蟹酱拌饭拌面酱1罐头,9.9,417506329
261891834904,9.9两罐小龙虾尾罐头海鲜熟食麻辣批发即食虾球网红零食小吃罐装,10.8,417506329
248143131084,【7罐巨划算】五香黄花鱼罐头下饭菜香辣海鲜熟食罐装黄花鱼1罐,10.9,417506329
325903120375,精品生蚝鲜活新鲜海蛎子特大海鲜牡蛎贝壳即食水产批发1箱,24.32,593360768
273658349912,野生海捕蟹钳鲜活冷冻梭子蟹腿大螃蟹脚新鲜蟹钳子连云港蟹钳批发,36.6,593360768
263463954711,俞兆林水暖毯单人双人电褥子加大双控调温家用防水学生宿舍无辐射,67.09,379922164
263407994859,俞兆林电热毯单人双人褥子加大双控调温家用防水学生宿舍自动断电,26.9,379922164
371983230327,诱姿2022年夏季内衣女薄款大胸显小防下垂少女文胸套装学生文胸罩,16.13,999504801
347314275171,诱姿内衣女三角杯纯欲风蕾丝少女纯棉抗菌文胸套装纯色女学生胸罩,15.16,999504801
346775975252,诱姿内衣女莫代尔夏季新薄款少女蕾丝文胸学生三角杯胸罩内裤套装,18.98,999504801
436668205888,钓鱼线主线组正品野钓线斑点隐形强悍拉力柔软切水快超越德国鱼线,4.89,132928349
345504317631,线组主线组正品进口尤尼吉可鱼线强拉力成品pe加固结黑坑竞技野钓,9.31,132928349
345522073697,野钓线组主线进口加固主线组正品斑点鱼线成品鱼线绑好全套鲫鱼线,7.14,132928349
360917169868,主线鱼线尤尼吉可鱼线柔软黑坑特级子线防缠超细强拉力进口钓渔线,9.9,132928349
365850331477,太空豆高档特级隐形硅胶太空豆套装顶豆全套漂座防缠套pe线竿稍结,9.17,132928349
361023182918,尤尼吉可钓具有你即可斗战佛55米主线黑坑竞技钓线进口鱼线尼龙线,29.9,132928349
365909785496,刻度铅高精度双芯铅皮座新款成品铅环保克度铅坠批发铅皮卷小配件,7.83,132928349
361732741772,尤尼吉可钓具有你即可伏虎55米主线黑坑竞技钓线进口钓鱼线尼龙线,25.9,132928349
361348168916,尤尼吉可钓具有你即可斗战王110m斑点蓝主线钓鱼线进口台钓线子线,29.9,132928349
365915453958,尤尼吉可钓具有你即可高速8字环八字链接器高品质钓鱼垂钓小配件,16.9,132928349
361497220454,尤尼吉可钓具有你即可魔王主线斗战王子线110m变色隐形斑点线鱼线,16.91,132928349
361086530601,尤尼吉可钓具有你即可碳氟线55米通用主子线钓鱼线渔线进口台钓线,39.9,132928349
372171783201,金袖新关东子线双钩高灵敏度柔软尤尼吉可鱼线成品20付进口钓渔线,29.6,132928349
423701745802,K6X酒精消毒枪喷雾器防疫蓝光纳米雾化器USB充电84杀菌空气净化器【1月12日发完】,52.99,714136509
313809391812,打印资料彩色复印a4黑白快印彩印图文A3印刷书本装订网上试卷打印,1.02,282365572
326118603057,打印资料网上打印文件印刷书本复印试卷宣传册装订A4黑白彩印包邮,5.0,788187498
87934235146,网上打印资料文件书籍复印试卷文档打印装订成书籍打印复印资料,3.0,788187498
104002657865,打印资料网上打印复印资料学习文件书籍试卷宣传册书本装订彩印店,0.5,788187498
255281469792,网上打印资料文件书籍复印试卷文档打印装订成书籍复印资料包邮,1.27,788187498
240250774013,凉水壶带龙头大容量家用冷水壶玻璃耐高温可乐桶柠檬凉白开饮料桶,31.0,891971653
410140430606,泡酒玻璃瓶家用酒坛子高档密封泡人参药酒酒罐酒桶带龙头专用酒瓶,27.0,891971653
269344382213,冰箱冷水壶玻璃果汁罐饮料桶可乐桶带龙头加厚夏季水果茶壶大容量,19.7,891971653
269351193824,耐高温歇茶饮料桶大容量带龙头商用玻璃柠檬果茶奶茶冷饮扎啤酒桶,49.9,891971653
230168744798,带龙头凉水壶大容量冷水壶家用耐高温玻璃可乐桶柠檬茶饮料果汁桶,64.67,891971653
228622758645,玻璃泡酒瓶带龙头饮料桶水果茶桶调酒兑酒快乐桶可乐桶容器啤酒桶,7.6,891971653
227845359188,泡酒玻璃瓶专用酒坛泡酒罐可乐桶容器饮料桶密封药酒瓶家用酿酒缸,10.87,891971653
296468708232,密封泡酒玻璃瓶自酿米酒果酒瓶青梅酒罐酒桶空瓶青梅汁酿酒罐容器,24.75,891971653
367640668353,冰箱冷水壶带龙头凉水壶家用玻璃瓶柠檬饮料果汁壶水果茶桶容器,24.65,891971653
374352357067,玻璃调酒桶酿酒罐泡酒瓶带龙头自制饮料桶啤酒水果茶桶可乐桶容器,15.0,891971653
368843831825,玻璃泡酒专用酒瓶带龙头酒坛酒桶饮料网红啤酒果汁饮料可乐桶容器,,891971653
261240797219,家用玻璃冷水壶带龙头可放冰箱冷饮品柠檬果茶桶冷泡茶容器凉水瓶,22.9,891971653
374152200382,冰块模具大容量硅胶冰格冰球家用储冰盒制冰盒带盖冰箱冻冰块神器,20.92,891971653
239958088153,新款带龙头凉水壶大容量冷水壶耐高温玻璃柠檬茶饮料果汁桶琥珀色,130.0,891971653
228324631287,泡酒罐玻璃密封家用玻璃罐密封罐带龙头欧式复古泡酒瓶发酵储酒瓶,15.68,891971653
71889046036,收据定制送货单二联销货清单三联销售清单收款收据开单本发货单据【10天内发货】,2.0,497339905
74053756621,销售销货清单送货单收款收据开单本二联三联四联自动复印免复写纸,17.0,497339905
72556195722,教育机构培训班收据二联三联定制学校幼儿园兴趣班入学合同印刷,8.8,497339905
72163747121,挖掘机施工工时单台班签证单二联定制挖掘机施工工时结算单三联单,9.8,497339905
125929971503,消毒本消毒记录表场所消毒登记表抗击疫情每日消毒登记表,11.8,497339905
72192460768,美容美发流水单定制理发店消费清单美甲收银单订制发廊单据结账单,12.9,497339905
120699107714,点菜单二联三联定制烧烤店火锅店饭店餐厅餐馆酒店餐饮手写菜单本,9.8,497339905
72547758754,服装店鞋店专用销售单收据二联三联定制销售小票售货票据手写开单,17.8,497339905
72575930544,手机专卖店销售单收据二联三联定制电器家电专用票据保修单据,19.0,497339905
348080892467,【正品】美白去颈纹凝胶颈膜绑带颈部放面膜敷脖子面膜固定带神器,6.8,334285374
348088046099,梳子女士清洁长发卷发气垫梳气囊按摩排骨梳家用便携儿童女孩梳头,8.9,334285374
346349289505,白色袜子女夏可爱日系短袜春秋薄款纯棉底甜美潮低帮船袜女士短筒,6.9,334285374
348496453696,【正品】冰袖手套女夏开车防晒袖宽松透气护臂紫外线户外冰丝调节,7.9,334285374
285543817257,美国浦利顿宝宝辅食机婴儿辅食机打泥搅拌绞肉绞蒜料理机企鹅款,109.0,146523845
275872974964,德国SPB宝宝辅食机家用婴儿辅食机工具多功能料理机研磨搅拌机,88.99,146523845
288205139481,浦利顿婴儿摇奶器电动自动奶粉搅拌器宝宝调奶器摇奶粉神器匀奶器,138.0,146523845
286524685631,英国飞米宝宝辅食机婴儿辅食机家用小型破壁机打泥机绞肉料理机,89.0,146523845
267748914876,浦利顿辅食机宝宝辅食机家用婴儿辅食机料理机研磨搅拌机打泥机,78.0,146523845
318119706728,美的Midea婴儿恒温调奶器热奶器1.2L 母婴冲泡奶粉神器小皇冠水壶,329.0,146523845
339687047238,【189元抢32件，抢完恢复229元】凡萨帝破壁机小型智能家用破壁机非静音榨汁料理机全自动豆浆机,189.0,146523845
370281995176,浦利顿婴儿恒温调奶器热水壶保温多功能奶瓶消毒全自动摇奶三合一,249.0,146523845
395033524880,德国spb电煮锅家用不粘锅宿舍小电锅学生锅电炒锅多功能多用火锅,89.0,146523845
358991078167,浦利顿辅食机婴儿宝宝料理机专用破壁打泥器多功能小型研磨器工具,88.0,146523845
269143821214,美国浦利顿(PLODON)婴儿辅食机无线打泥搅拌绞肉绞蒜料理机充电款,139.0,146523845
268307833185,美国浦利顿辅食机宝宝家用婴儿辅食机工具料理机研磨搅拌机打泥机,109.0,146523845
335157017981,浦利顿婴儿辅食机多功能绞肉搅拌榨汁打泥小型迷你儿童宝宝料理机,169.0,146523845
395023329646,浦利顿婴儿电炖锅宝宝专用辅食锅全自动BB煲煮粥神器小炖盅可预约,139.0,146523845
417681809940,浦利顿电煮锅学生宿舍多功能蒸煮一体小型电炒锅 1.5L辅食锅+蒸笼,89.0,146523845
247011514190,升级款孕妇用品怀孕期必备防辐射贴纸儿童手机电脑防电磁辐射神器,14.48,772514673
424378648462,正品手机屏幕放大器网课护眼防辐射3D高清看视频追剧手机支架神器,1.68,772514673
205389823307,黑芝麻香菇粉海苔牡蛎猪肝粉宝宝辅食调料儿童拌饭料送婴儿辅食表,7.73,995331495
205516782816,婴辰氏有机核桃油无添加低温压榨亚麻籽油宝宝辅食用油牛油果油,22.5,995331495
205537077624,宝宝食用醋水果醋蔬菜核桃添加拌饭料儿童开胃调味料送婴儿辅食表,16.2,995331495
332900990373,高档纸盒各类纸盒外包装盒定制彩盒印刷白卡瓦楞定做免费设计批发,2.0,687168707
266164824149,高端运动服女跑步宽松运动套装男晨跑情侣休闲新款春秋时尚本命年,336.0,1408936
241771762405,2021新款情侣运动套装时尚跑步男女学生运动服长袖卫衣休闲三件套,268.0,1408936
250236802833,高档休闲运动套装女士卫衣三件套春秋时尚潮韩版显瘦洋气时髦气质,178.0,1408936
86082984217,连帽加厚加绒运动套装女休闲两件套冬季2022新款保暖时尚修身显瘦,239.0,1408936
5000220297,跑步运动服套装男女士两件套春秋季新款时尚休闲情侣装宽松大码款,328.0,1408936
36562795640,卫衣运动服套装女三件套春秋新款时尚休闲洋气长袖跑步套装健身服,158.0,1408936
224002960993,情侣装春夏装新款男女休闲时尚两件套圆领洋气夏季套装高颜值服装,118.0,1408936
461643221,中老年冬装羽绒棉服女中长款洋气大码加厚外套50岁妈妈加厚棉衣潮,218.0,1408936
210175869652,运动套装女春秋2022新款洋气潮高档运动服情侣装跑步套装男三件套,336.0,1408936
186148230198,健身运动套装男女款秋冬情侣装加厚保暖两件套宽松显瘦三件套休闲,298.0,1408936
271633018019,WIFI隐藏式usb行车记录仪超高清2021新款前后双录24小时停车监控,125.0,775885383
271849447031,【66.24元抢18781件，抢完恢复72元】USB通用隐藏式行车记录仪最新款超高清2021款前后双录免安装夜视,66.24,775885383
166327525510,304不锈钢液压缓冲阻尼铰链橱柜门衣柜大弯中弯飞机烟斗合页,1.4,350704610
58621652653,304不锈钢液压缓冲阻尼铰链橱柜门衣柜大弯中弯飞机烟斗合页,1.45,350704610
48362887060,304不锈钢液压阻尼缓冲铰链橱柜衣柜门大弯中弯飞机合页弹簧配件,0.78,350704610
170999615238,榻榻米液压杆撑支撑杆气压杆液压撑杆橱柜上翻门气撑杆柜门,3.8,350704610
88937309990,现代简约铝合金柜门拉手黑色橱柜衣柜门抽屉把手美式加长厨柜拉手,3.38,350704610
46881425015,现代简约拉手柜门拉手抽屉拉手美式橱柜鞋柜子欧式抽屉五金门把手,2.49,350704610
27589595203,现代简约衣柜门拉手美式家具橱柜鞋柜子手柄欧式抽屉五金把手单孔,1.5,350704610
65724024973,304不锈钢液压缓冲阻尼铰链特厚3.0橱柜衣柜大弯中弯飞机烟斗合页,1.55,350704610
8655029597,学生课桌考试挡板隔断专用挡板办公桌面屏风挡板书桌隔板桌子配件,9.9,350704610
170258836825,装饰窗帘免打孔安装新款门帘吊帘挂帘水晶珠帘隔断帘客厅卧室遮挡,15.84,722749317
249907445565,赠护理液】旗舰店美瞳隐形眼镜新款半年抛爆款小大直径日常学生,29.9,243901316
214402953077,买一副送一副】美瞳官方隐形眼镜网红同款半年抛大小直径学生,12.9,243901316
359339468468,赠护理液】美瞳隐形眼镜爆款大美目黑大直径黑色自然款半年抛学生,10.9,243901316
162985754587,买1副送1副】美瞳新款大小直径自然学生半年抛网红同款隐形眼镜,12.9,243901316
348996878009,美瞳学生新款隐形眼镜半年抛爆款舒服不磨眼大小直径非离子自然,8.9,243901316
362626575913,赠护理液】美瞳隐形眼镜彩色软性亲水镜硅水凝胶学生蓝色半年抛,10.9,243901316
202723609022,2片装)美瞳网红同款半年抛欧美混血隐形眼镜自然大小直径近视学生,6.8,243901316
257054312905,送护理液】kelala可拉啦美瞳隐形眼镜半年抛爆款黑色学生大直径女,15.9,243901316
213674244295,赠盒)黑色自然美瞳舒服同款半年抛男生隐形眼镜大小直径近视镜片,13.8,243901316
8667887956,过生日装饰拉条纸花扇套餐装饰布置成人儿童宝宝周岁生日派对用品,22.0,768604
203329866079,百天宴1周岁生日布置儿童100天满月鼠年宝宝百日宴装饰背景墙气球,25.8,768604
303271391134,2022植绒对联高档撒金大全批发农村大门虎年春节家用宿舍寝室城市,5.9,338875265
302466550708,2023兔年春节烫金金字年画对联家用福字门贴新年春联年货厂家批发,0.7,338875265
306115679301,2023兔年新春新年植绒洒金粉对联春联家用防盗门贴门对农村装饰品,3.8,338875265
308592609870,2022年虎年春联对联大全植绒对联大门家用春联对联绒布对联批发,8.8,338875265
307939141586,2022虎年新年高档植绒对联套装批发大礼包春节家用春联门神福字,1.8,338875265
303301501485,春节2022虎年烫金金字年画对联家用福字门贴新年春联年货厂家批发,17.6,338875265
397318633952,棉拖鞋女冬季新款情侣室内居家用防滑厚底舒适包头保暖毛毛拖鞋男,14.9,548781151
406503158259,秋冬季棉拖鞋男士室内家居厚底踩屎感防水面加绒包跟保暖防滑外穿,9.68,548781151
281661799361,买一送一棉拖鞋女冬天防滑家用居家室内情侣月子保暖毛毛拖鞋男士,8.99,548781151
311350994512,八字拉力器瑜伽弹力带弹力绳开肩美背瘦身家用健身男女肩颈拉伸器,21.9,757061494
319335619558,八字拉力器瑜伽弹力带弹力绳开肩美背瘦身家用健身男女肩颈拉伸器,24.9,757061494
424021812657,巴布豆女童鞋子秋冬新款运动鞋防寒加绒二棉软底增高耐磨保暖潮鞋,69.0,876900385
408080807480,巴布豆男童鞋子秋季最新款防水皮面运动鞋中大童厚底耐磨防滑潮鞋,69.0,876900385
268660644314,巴布豆男童鞋儿童鞋子运动鞋2021新款女童春秋款中大童皮面软底潮,59.8,876900385
273296705661,巴布豆儿童鞋子男童运动鞋秋款2021新款男孩软底透气中大童百搭鞋,79.8,876900385
344605707045,巴布豆男童运动鞋2022秋季新款网面透气儿童鞋子中大童跑步鞋潮鞋,69.0,876900385
333758276294,巴布豆男童运动鞋子2022春秋新款韩版运动鞋中大童网面透气跑步鞋,69.0,876900385
267185780781,巴布豆男童鞋儿童运动鞋2021新款春秋款百搭网布透气软底中大童鞋,69.9,876900385
268021202883,巴布豆女童鞋儿童运动鞋春秋款2021新款百搭网鞋透气中大童女孩子,59.5,876900385
333745292212,巴布豆男童鞋2022春夏季款网面跑步鞋中大童儿童鞋休闲透气运动鞋,59.0,876900385
271989291985,巴布豆女童鞋子女孩百搭学生儿童运动鞋2021新款网鞋春秋款老爹鞋,69.8,876900385
272201372850,巴布豆男童鞋子儿童运动鞋二棉2021新款中大童休闲鞋波鞋软底,59.0,876900385
287473055046,杰米尼儿童鞋男童鞋运动鞋秋冬款2021新款软底皮面加绒棉鞋中大童,39.33,876900385
280016463050,宜关茶叶普洱茶饼熟茶古树普洱生茶人生百态醇雅勐海云南七子病,99.0,871066995
258939769555,宜关茶叶普洱茶熟茶饼百年古树茶陈年经典班章云南七子饼茶357g,209.0,871066995
274576235663,宜关普洱茶饼熟茶宫廷班章黄金芽陈年勐海古树茶云南七子饼茶357g,309.0,871066995
274602664874,宜关普洱茶饼熟茶普洱红色烫金老班章浓香型特级古树云南七子饼茶,329.0,871066995
278462706078,宜关茶叶普洱茶熟茶饼老班章陈年古树熟普勐海云南七子饼茶357g,109.0,871066995
430436761938,宜关茶叶普洱茶熟茶饼正宗陈年古树老班章勐海云南七子饼茶357g,98.6,871066995
270507409828,宜关早春老班章普洱茶熟茶饼云南七子饼勐海古树茶非特级茶叶批发,198.0,871066995
321401907310,宜关茶叶御品班章熟茶普洱茶饼正宗特级云南勐海古树茶叶整箱批发,199.0,871066995
433168495598,厨房懒人抹布去除油污神器吸水吸油纸巾干湿两用一次性洗碗布批发,5.58,926699369
416621815174,口罩一次性三层民用含熔喷布防飞沫防尘口罩防病毒100/500只批发,5.88,926699369
329730084269,【妙杀中】一次性洗脸巾抽取式湿巾面巾加大加厚洗脸毛巾擦脸巾,5.88,926699369
429087807725,现货速发口罩批发一次性男女防尘防雾霾三层民用防护透气成人口罩,5.58,926699369
125563915769,宜齿洁成人牙刷软毛超细家庭组合装男士女士装牙缝刷清洁2支,8.9,1151167
42694213004,宜齿洁 经典牙线安全牙签盒超细牙线棒剔牙线家庭多规格,9.9,1151167
125559754016,宜齿洁舌苔清洁器护理刮舌器刮舌板刮舌头刷舌苔刷买1送1,8.9,1151167
4672836490,宜齿洁 经典牙线超细牙线棒家庭装成人剔牙线安全牙签独立包装,3.9,1151167
335895349414,宜齿洁 经典细滑护理牙缝剔牙牙线家庭装一次性宽阔弓形牙线棒,3.5,1151167
7654253918,宜齿洁 超细牙线 弓形牙线棒 剔牙线家庭装牙签 8袋1200支,36.9,1151167
125549493217,宜齿洁 细滑微蜡薄荷扁线便携卷装牙线牙套矫正正畸牙线每盒50米,6.9,1151167
5219699735,宜齿洁L型牙缝刷进口不锈钢丝正畸牙间刷矫正牙套齿间隙刷20支,19.8,1151167
289937549729,宜齿洁 儿童牙线宝宝剔牙线超细牙签线家庭装一次性牙线棒,6.9,1151167
42695443662,宜齿洁 牙线棒单支独立剔牙线家庭装单独装一次性牙线牙签盒超细,9.9,1151167
69763644414,宜齿洁 隐适美咬胶正畸咬胶棒牙胶咬牙棒时代天使磨牙棒牙套脸6个,16.9,1151167
8983313527,宜齿洁 正畸清洁牙间隙硅胶刷齿间刷 软硅胶牙缝刷6盒120支 包邮,8.9,1151167
4280299835,宜宾燃面调料包干面条 焦大哥宜宾燃面礼盒装965g 早餐,47.9,102018247
4076405982,新茶四川重庆野生老鹰茶老阴茶老林茶红白茶火锅凉茶500g适合夏天,11.9,102018247
99267754399,新货 四川特产宜宾双河凉糕葡萄井精品凉糕粉250g降暑小吃米豆腐,9.9,102018247
4051723170,宜宾特产 焦大哥长条芽菜老坛芽菜1000g 宜宾芽菜酱腌菜咸菜,11.8,102018247
233094900859,四川宜宾特产夏季小吃 葡萄泉即食冰粉268g送红糖坚果包开盖即吃,8.8,102018247
4052031727,宜宾特产 焦大哥老坛芽菜颗粒芽菜1000g 宜宾芽菜酱腌菜咸菜,11.8,102018247
4504159106,1袋包邮 筠连特产詹老九鸭儿粑粉750g 叶儿粑猪儿耙糯米粉 送叶子,13.8,102018247
121873203337,宜宾红糖500g袋装 手工甘蔗老红糖块四川冰粉凉糕凉虾配料商用,8.8,102018247
4008403294,宜宾特产 查氏竹叶黄粑竹叶糕360g 黄粑传统糕点早餐零食小吃,16.8,102018247
4669428587,戎陈坊宜宾燃面礼盒装190g×5盒 四川特产碱水面麻辣干拌面调料包,45.0,102018247
6655332273,四川宜宾特产名小吃红糖凉糕 双河井凉糕粉凉虾粉250g夏季小吃,9.9,102018247
5393919003,四川特产宜宾芽菜窖香长条芽菜1000g 根条芽菜烧白叶儿粑扣肉芽菜,16.5,102018247
4340400971,戎陈坊冰糖麻辣大头菜丝100gx10袋 四川特产下饭菜咸菜农家酱菜,19.8,102018247
4362735597,宜宾特产 江安红桥杨永华磕粉800g 猪儿粑粉叶儿粑粉汤圆粉糯米粉,15.8,102018247
267759778819,【清仓】冬季新款棉裤男加绒加厚保暖裤打底绒裤毛裤高腰护腰护膝,17.87,958835919
269384954825,保暖内衣男高领加绒加厚发热中领高档秋衣秋裤套装薄款青年冬季,69.0,747719535
167943556276,无痕保暖内衣女套装加绒发热大码胖mm200斤秋衣秋裤棉毛衫,46.8,747719535
137897916326,无痕保暖背心男加绒加厚发热内衣修身打底衫马甲坎肩秋冬季,19.9,747719535
26497044222,孕妇保暖背心加绒加厚怀孕期托腹孕妇保暖内衣打底上衣马甲秋冬季,29.9,747719535
163094903479,中老年人保暖内衣女加绒加厚发热秋衣秋裤套装大码妈妈棉毛衫,39.8,747719535
352032723926,内衣学生初中生高中生无痕女童小背心发育期少女防凸点秋上新薄款,23.8,747719535
159851032620,无痕保暖内衣男加绒加厚发热秋衣秋裤套装薄款棉毛衫大码青年冬,59.8,747719535
68839199210,无痕保暖内衣女加绒加厚发热秋衣秋裤套装学生薄款紧身打底衫冬,39.8,747719535
162783381482,秋裤男保暖裤男士线裤加绒薄款无痕发热紧身裤子打底裤冬季,29.9,747719535
164740433525,孕妇秋衣秋裤套装加绒哺乳保暖内衣怀孕前产后喂奶睡衣棉毛衫秋冬,36.8,747719535
26498610393,保暖内衣女加绒加厚低领u领紧身长袖托胸弹力收腹产后哺乳上衣,38.8,747719535
81347058059,无痕薄款发热保暖内衣女套装加绒加厚秋衣秋裤学生紧身棉毛衫,39.8,747719535
65419777628,保暖背心女发热双面磨绒加绒修身内穿吊带无痕贴身大码保暖内衣,16.99,747719535
236021908122,女童内衣发育期小背心小学生13岁14儿童少女初中生文胸无痕防凸点,16.6,747719535
159209674988,高领打底衫女春秋款加绒保暖衣女学生韩版冬季百搭阳离子长袖T恤,19.9,747719535
285226336806,壹团火自发热暖手蛋暖宝宝贴暖手学生手握式迷你暖手宝替换发热芯,1.09,904763175
277565683028,壹团火 大号暖身贴暖足贴暖宝宝贴自发热帖暖宫贴保暖贴关节热贴,2.09,904763175
284875964819,壹团火暖贴暖宝宝贴暖身贴保暖贴自发热暖贴暖宝贴宫寒腰腹部热帖,2.0,904763175
347150604259,冰凉贴降温降热夏季学生军训上课清凉贴防暑解暑提神手机退散热贴,3.09,904763175
286189700411,壹团火暖手神器暖手宝暖手袋可爱暖宝宝贴随身暖手蛋替换芯自发热,2.09,904763175
76162862,秋冬季棉拖鞋包跟厚底情侣家居防滑保暖居家男女月子鞋毛毛拖鞋男,9.9,481524
272837812523,秋冬季棉拖鞋女可爱毛绒情侣室内家居家用厚底防滑包跟保暖男冬天,12.9,481524
282079980466,买一送一棉拖鞋女秋冬天室内居家居情侣可爱厚底毛拖家用男冬爆款,13.8,481524
133706072,买一送一韩版棉拖鞋女可爱居家居情侣男加厚底毛拖鞋防滑冬月子鞋,8.99,481524
272848319753,买一送一棉拖鞋男女士加厚冬防滑简约保暖冬季情侣居家毛毛棉拖鞋,13.8,481524
41482795421,棉拖鞋女冬季室内情侣家居家用可爱厚底韩版月子保暖毛拖鞋男冬天,7.9,481524
2996643390,买一送一棉拖鞋秋冬女厚底可爱室内居家居情侣棉鞋防滑月子毛拖鞋,13.9,481524
419134694952,情侣男软厚底室内公主风日用家居毛绒拖鞋女冬保暖加绒防滑棉拖鞋,16.9,481524
185432753974,棉拖鞋女包跟家居室内保暖防滑厚底冬天月子鞋产后棉鞋男冬季新款,14.9,481524
298823945811,棉拖鞋女冬季居家厚底家居棉拖2021年新款秋冬天室内家用情侣毛男,25.99,481524
7245557669,摩托车机油通用全合成铃木钻豹125踏板150三轮车四季通用机油防冻,15.8,495577739
5859930888,摩托车机油四季通用全合成125弯梁车100踏板车二三轮摩托汽机油,20.8,495577739
5859800708,摩托车机油通用全合成新大洲125踏板弯梁二三轮车四季通用机油,18.8,495577739
203291863935,漫花卫生纸卷纸巾卷筒纸家用厕所纸批发手纸厕纸母婴白纸巾家庭装,9.8,751706241
290351550544,【60包一年装】漫花抽纸巾卫生纸整箱批发家用餐巾纸抽10包面巾纸,10.8,751706241
217138621601,【80卷40卷12卷】卷纸巾卫生纸家用实惠装卷筒纸手纸厕所厕纸批发,14.9,751706241
184579750428,40包24包漫花萌系可爱小抽纸便携原木浆抽纸整箱批发卫生纸餐巾纸,13.8,751706241
205404572726,漫花纸巾抽纸卫生纸抽整箱家用批发实惠装餐巾纸面巾纸6/30大包纸,8.5,751706241
210657775700,【50卷32卷12卷】卫生纸卷纸巾家用实惠装厕所卷筒纸厕纸手纸批发,9.8,751706241
205757107042,卷纸巾无芯卷筒纸家用卫生纸实惠装厕所纸手纸厕纸家庭装批发卷纸,8.8,751706241
351102381550,75度医用酒精乙醇消毒液家用免洗手伤口皮肤消毒杀菌桶装防病毒,10.8,242617231
359700866955,75度医用酒精消毒液家用衣物杀菌消毒水免手洗消毒喷雾乙醇酒精【1月12日发完】,8.63,242617231
359692247245,75度医用酒精消毒液酒精家用皮肤消毒杀菌酒精喷雾75%乙醇免手洗,8.0,242617231
353267027007,医用酒精75度消毒液皮肤消毒杀菌大桶装家用75度喷雾免手洗消毒液【1月12日发完】,10.0,242617231
259426245461,75度医用酒精消毒液家用衣物杀菌消毒水免手洗消毒喷雾乙醇500ml【1月12日发完】,15.8,242617231
368989562744,医用免洗洗手液凝胶酒精消毒液学生儿童医用家用办公户外酒精免洗,3.6,242617231
357197196473,75%酒精消毒液医用家用消毒杀菌免洗皮肤伤口清洁75度乙醇杀病毒,3.63,242617231
259177903687,95度医用酒精火疗拔罐酒精灯燃烧工业清洁消毒95%乙醇消毒液酒精,5.88,242617231
370628598461,酒精75度大桶装医用消毒杀菌消毒液疫情专用室内75%乙醇酒精喷雾,25.8,242617231
2656108663,75%酒精乙醇消毒液家居皮肤消毒75度医用酒精美甲消毒工具专用,5.9,304477945
357360727504,妇炎洁人体润滑油房事夫妻成人用品阴道润滑剂女用快感增强润滑液,69.0,317760640
354580706537,妇炎洁人体润滑油房事夫妻中老年润滑剂快感增强液成人情趣性用品,48.0,317760640
235201895496,妇炎洁人体润滑油免洗成人用品夫妻房事阴道干涩男女快感润滑液剂,69.0,317760640
357384362493,妇炎洁人体润滑油房事夫妻中老年润滑剂快感增强液成人情趣性用品,69.0,317760640
356386495007,妇炎洁本草抑菌妇科凝胶女便携女性私处清洗剂私密止痒护理液60ml,39.0,317760640
344216762341,妇炎洁人体润滑油夫妻成人性用品阴道润滑剂房事快感强情趣润滑液,69.0,317760640
357348077210,妇炎洁润滑油成人房事性用品中老年夫妻情趣快感增强人体润滑液剂,69.0,317760640
324938427639,中学生书包女大容量小清新印花双肩包2022年新款背包流行时尚百搭,86.99,5778212
316258964459,初中学生书包大容量2022年新款韩版小清新印花双肩包女森系学院风,89.0,5778212
259142110997,高中生大容量书包女学生校园韩版背包初中生15.6寸电脑包双肩包女,50.15,5778212
337521225943,初中学生书包女ins森系百搭双肩包大容量高颜值背包2022新款流行,89.0,5778212
265140146986,书包女学生韩版可爱卡通印花小学生3-4-5-6年级大容量校园双肩包,59.0,5778212
269789609717,小学生书包女3-5-6年级学院风小清新校园韩版背包大容量双肩包女,59.0,5778212
276350315663,小学生书包女3-5-6年级可爱开通猫咪印花初中生大容量校园双肩包,69.0,5778212
177731813403,书包女学生韩版2020新款DIY手工缝图初中生背包女孩4-6年级双肩包,59.0,5778212
153058772633,2020新款小学生书包女孩3-5-6年级可爱卡通DIY初中生韩版校园背包,59.0,5778212
24040136046,书包女学生韩版初中小学生ins风校园双肩包女小清新印花防水背包,49.0,5778212
337174397811,一到三年级书包8到9岁小学生双肩包2022年新款火箭宇航员背包儿童,57.99,5778212
302899447829,书包女学生韩版ins森系高中初中生大容量学院风15.6英寸双肩包女,59.0,5778212
318954719077,初中学生书包女ins森系百搭可爱清新双肩包2022年新款韩版学院风,89.0,5778212
326164201729,初中学生书包女ins森系百搭大容量轻便小学生双肩背包2022年新款,68.31,5778212
265848108073,书包女小学生4-6年级可爱卡通印花大容量初中生校园防泼水双肩包,56.99,5778212
405869593030,欧货大版中长款网红炸街长袖卫衣女秋季新款韩版宽松大码港风上衣,38.79,473422476
399870074525,2022年秋季新款复古港味灯芯绒加厚衬衫女设计感时尚宽松大码外套,45.8,473422476
399831127146,2022年秋季新款设计感宽松百搭时尚胖mm大码中长款长袖衬衫外套女,36.12,473422476
58612347075,老鹰摆件大展宏图工艺品桌面客厅装饰品办公室老板桌店铺开业礼品,68.0,751314221
113424994572,一帆风顺帆船摆件创意电视柜客厅玄关鞋柜办公桌摆设工艺装饰礼品,99.0,751314221
229014303779,招财发财树摆件金摇钱树家居客厅酒柜玄关装饰品吧台店铺开业礼品,86.0,751314221
55513070221,葫芦摆件招财风水中式一对如意花瓶客厅装饰品玄关乔迁送开业礼品,58.0,751314221
55722043290,玉白菜摆件招财房间装饰品卧室客厅家居玄关办公室店铺送开业礼品,55.0,751314221
59525521411,一帆风顺船摆件帆船客厅装饰品家居玄关电视柜办公桌商务开业礼品,84.0,751314221
98018886953,生肖牛摆件招财风水客厅装饰品摆件办公室老板桌公司商务开业礼品,84.0,751314221
56096324233,玉如意客厅装饰品摆件高档彩绘平安扣家居室内玄关送开业乔迁礼品,78.95,751314221
194760977276,高档金牛招财摆件牛年吉祥物旺股市办公室装饰品公司开业商务礼物,94.0,751314221
215536173179,玉如意摆件装饰品家居酒柜客厅摆设工艺品乔迁新居礼品搬新家礼物,86.0,751314221
181757270724,貔貅摆件招财白菜聚财皮丘电视柜酒柜家居客厅装饰品店铺开业礼品,144.0,751314221
57061686338,招财摇钱树摆件发财树客厅装饰品创意收银台乔迁礼品店铺开业送礼,58.0,751314221
177521041909,金色电动摇手招财猫摆件店铺生意兴隆开业礼品二维码收银台发财猫,88.0,751314221
235600056009,九转乾坤鼎摆件时来运转招财聚宝盆客厅办公室装饰品店铺开业礼品,118.0,751314221
342861504922,如意摆件彩绘平安扣家居玄关酒柜客厅装饰品摆件乔迁新居开业礼品,84.0,751314221
232705345801,特辣小米椒印度椒魔鬼椒批发超辣椒粉辣椒面微辣红干辣椒段朝天椒,4.25,151400
7005340,【产地直发】特辣小米椒印度椒魔鬼椒朝天椒辣椒段辣椒粉红辣椒干,5.8,151400
382389692,特辣小米椒朝天椒印度魔鬼辣辣椒段批发辣椒粉超辣干辣椒面红辣椒,15.83,151400
683893889,白芷片500g白芷片香料调料八角桂皮香叶小茴香良姜100克~2500克,5.5,151400
641780822,新货花椒 花椒粒特麻麻椒花椒粉八角桂皮草果肉蔻香叶白蔻丁香,9.5,151400
97386343,【5斤】二荆条批发微辣四川干辣椒不辣皱皮线椒秦椒贵州1斤辣椒干,16.86,151400
683919176,香砂仁沙仁香料调料大全花椒八角桂皮批发白芷良姜香叶小茴香,5.56,151400
269395679792,番茄酱沙拉酱甜辣酱黑胡椒酱低蔬菜卡手抓饼酱0水果三明脂肪轻食,5.45,151400
232377547550,特辣小米椒印度椒魔鬼椒批发超辣椒粉辣椒面微辣红干辣椒段朝天椒,5.23,151400
15290763,辣椒面辣椒粉特辣超辣粗细粉小米辣油泼辣子烧烤调料撒料蘸料500g,12.5,151400
382393224,青麻椒粒 正宗四川青花椒批发藤椒特麻麻椒花椒面麻椒粉青麻椒粒,12.5,151400
35617175313,肉蔻批发肉豆蔻肉扣玉果草果香果公丁香山奈青麻椒调料100克~2斤,12.5,151400
207590108,灯笼辣椒灯笼椒草莓椒微辣中辣特香特辣干圆辣椒红辣椒柿子椒,9.4,151400
877301258,正宗白胡椒粒白胡椒粉批发研磨器瓶调料瓶海南黑胡椒碎颗粒包邮,4.8,151400
5307635,特辣朝天椒小米椒微辣中辣干辣椒超辣特香散装干货500克,17.5,151400
1214894,【精品】正宗赣南脐橙新鲜橙子江西甜橙孕妇水果冰糖果冻香橙包邮,14.8,548
659417,【精选】葡萄柚台湾葡萄蜜柚皮薄平和甜蜜柚当季新鲜水果批发包邮,9.9,548
2874526167,【领券下单】福建红心蜜柚红柚子平和红肉三红蜜柚新鲜水果包邮,18.9,548
15043611995,四川安岳新鲜黄柠檬2斤装(单果80g以上)新鲜水果酸爽多汁批发包邮,10.9,548